"ID"	"TvFl"	"Fag"	"Ob"	"Klar"	"Trpt"	"Trmb"	"Tuba"	"Horn"	"Vln"	"Vla"	"Vlc"	"Kb"	"Slgv"	"EgErf0"	"EgErfNyb"	"EgErfMel"	"EgErfHö"	"Utb0"	"Utb1o2"	"Utb3o4"	"Utb5o6"	"Utb7o8"	"Utb9"	"KsPriv"	"KsKom"	"KsStfb"	"Avg"	"StStad"	"MelStad"	"LitStad"	"Fr1Allt"	"Fr1Ofta"	"Fr1Sällan"	"Fr1Aldr"	"Fr2o3Allt"	"Fr2o3Ofta"	"Fr2o3Sällan"	"Fr2o3Aldr"	"Fr4o5Allt"	"Fr4o5Ofta"	"Fr4o5Sällan"	"Fr4o5Aldr"	"Fr6o12Allt"	"Fr6o12Ofta"	"Fr6o12Sällan"	"Fr6o12Aldr"	"Fr13Allt"	"Fr13Ofta"	"Fr13Sällan"	"Fr13Aldr"	"UppGrlML"	"UppGrL"	"UppGrLoS"	"UppGrS"	"UppGrMS"	"UppIndML"	"UppIndL"	"UppIndLoS"	"UppIndS"	"UppIndMS"	"UppGrMF"	"UppGrF"	"UppGrFoOF"	"UppGrOF"	"UppGrMOF"	"UppIndMF"	"UppIndF"	"UppIndFoOF"	"UppInfOF"	"UppIndMOF"	"UppGrTrML"	"UppGrTrL"	"UppGrTrLoS"	"UppGrTrS"	"UppGrTrMS"	"UppIndTrML"	"UppIndTrL"	"UppIndTrLoS"	"UppIndTrS"	"UppIndTrMS"	"UppGrUtvML"	"UppGrUtvL"	"UppGrUtvLoS"	"UppGrUtvS"	"UppGrUtvMS"	"UppIndUtvML"	"UppIndUtvL"	"UppIndUtvLoS"	"UppIndUtvS"	"UppIndUtvMS"	"UtbFöMB"	"UtbFöB"	"UtbFöBoD"	"UtbFöD"	"UtbFöMD"	"FbBeh"	"År20o29"	"År30o39"	"År40o49"	"År50o59"	"År60"	"ÅrVeUppge"
1	"Nej"	"Nej"	"Nej"	"Nej"	"Nej"	"Nej"	"Nej"	"Nej"	"Nej"	"Nej"	"Nej"	"Nej"	"Ja"	"Nej"	"Nej"	"Ja"	"Nej"	"Nej"	"Nej"	"Ja"	"Nej"	"Nej"	"Nej"	"Nej"	"Ja"	"Nej"	600	"Nej"	"Nej"	"Ja"	"Ja"	"Nej"	"Nej"	"Nej"	"Nej"	"Ja"	"Nej"	"Nej"	"Nej"	"Ja"	"Nej"	"Nej"	"Nej"	"Ja"	"Nej"	"Nej"	"Nej"	"Ja"	"Nej"	"Nej"	"Nej"	"Ja"	"Nej"	"Nej"	"Nej"	"Nej"	"Ja"	"Nej"	"Nej"	"Nej"	"Ja"	"Nej"	"Nej"	"Nej"	"Nej"	"Ja"	"Nej"	"Nej"	"Nej"	"Nej"	"Nej"	"Ja"	"Nej"	"Nej"	"Nej"	"Nej"	"Ja"	"Nej"	"Nej"	"Nej"	"Nej"	"Ja"	"Nej"	"Nej"	"Nej"	"Nej"	"Ja"	"Nej"	"Nej"	"Nej"	"Nej"	"Nej"	"Ja"	"Nej"	"Nej"	"Ja"	"Nej"	"Nej"	"Nej"	"Ja"	"Nej"	"Nej"
2	"Ja"	"Nej"	"Nej"	"Nej"	"Nej"	"Nej"	"Nej"	"Nej"	"Nej"	"Nej"	"Nej"	"Nej"	"Nej"	"Ja"	"Nej"	"Nej"	"Nej"	"Nej"	"Nej"	"Nej"	"Nej"	"Ja"	"Nej"	"Nej"	"Ja"	"Nej"	680	"Nej"	"Ja"	"Nej"	"Ja"	"Nej"	"Nej"	"Nej"	"Nej"	"Nej"	"Ja"	"Nej"	"Nej"	"Nej"	"Nej"	"Ja"	"Nej"	"Nej"	"Nej"	"Ja"	"Nej"	"Nej"	"Nej"	"Ja"	"Nej"	"Nej"	"Nej"	"Ja"	"Nej"	"Nej"	"Ja"	"Nej"	"Nej"	"Nej"	"Nej"	"Nej"	"Nej"	"Ja"	"Nej"	"Ja"	"Nej"	"Nej"	"Nej"	"Nej"	"Nej"	"Nej"	"Ja"	"Nej"	"Nej"	"Nej"	"Ja"	"Nej"	"Nej"	"Nej"	"Nej"	"Nej"	"Nej"	"Ja"	"Nej"	"Nej"	"Ja"	"Nej"	"Nej"	"Nej"	"Nej"	"Nej"	"Nej"	"Nej"	"Ja"	"Ja"	"Ja"	"Nej"	"Nej"	"Nej"	"Nej"	"Nej"
3	"Ja"	"Nej"	"Nej"	"Nej"	"Nej"	"Nej"	"Nej"	"Nej"	"Nej"	"Nej"	"Nej"	"Nej"	"Nej"	"Nej"	"Ja"	"Ja"	"Nej"	"Nej"	"Nej"	"Ja"	"Nej"	"Nej"	"Nej"	"Nej"	"Ja"	"Nej"	600	"Ja"	"Nej"	"Nej"	"Nej"	"Nej"	"Ja"	"Nej"	"Nej"	"Nej"	"Ja"	"Nej"	"Nej"	"Nej"	"Ja"	"Nej"	"Nej"	"Nej"	"Nej"	"Ja"	"Nej"	"Nej"	"Nej"	"Ja"	"Nej"	"Nej"	"Ja"	"Nej"	"Nej"	"Nej"	"Nej"	"Ja"	"Nej"	"Nej"	"Nej"	"Ja"	"Nej"	"Nej"	"Nej"	"Nej"	"Ja"	"Nej"	"Nej"	"Nej"	"Nej"	"Ja"	"Nej"	"Nej"	"Nej"	"Nej"	"Ja"	"Nej"	"Nej"	"Nej"	"Nej"	"Nej"	"Ja"	"Nej"	"Nej"	"Nej"	"Nej"	"Ja"	"Nej"	"Nej"	"Nej"	"Nej"	"Ja"	"Nej"	"Nej"	"Nej"	"Nej"	"Nej"	"Nej"	"Ja"	"Nej"	"Nej"
4	"Ja"	"Nej"	"Nej"	"Ja"	"Nej"	"Nej"	"Nej"	"Nej"	"Nej"	"Nej"	"Nej"	"Nej"	"Nej"	"Nej"	"Ja"	"Nej"	"Nej"	"Nej"	"Ja"	"Nej"	"Nej"	"Nej"	"Nej"	"Nej"	"Ja"	"Nej"	300	"Nej"	"Nej"	"Ja"	"Ja"	"Nej"	"Nej"	"Nej"	"Nej"	"Nej"	"Ja"	"Nej"	"Nej"	"Nej"	"Nej"	"Ja"	"Nej"	"Nej"	"Nej"	"Ja"	"Nej"	"Nej"	"Nej"	"Ja"	"Nej"	"Nej"	"Ja"	"Nej"	"Nej"	"Nej"	"Ja"	"Nej"	"Nej"	"Nej"	"Nej"	"Nej"	"Ja"	"Nej"	"Nej"	"Ja"	"Nej"	"Nej"	"Nej"	"Nej"	"Nej"	"Ja"	"Nej"	"Nej"	"Nej"	"Ja"	"Nej"	"Nej"	"Nej"	"Nej"	"Nej"	"Nej"	"Ja"	"Nej"	"Nej"	"Nej"	"Ja"	"Nej"	"Nej"	"Nej"	"Nej"	"Nej"	"Ja"	"Nej"	"Nej"	"Nej"	"Nej"	"Nej"	"Nej"	"Ja"	"Nej"	"Nej"
5	"Nej"	"Nej"	"Nej"	"Nej"	"Nej"	"Nej"	"Nej"	"Nej"	"Ja"	"Ja"	"Nej"	"Nej"	"Nej"	"Nej"	"Ja"	"Ja"	"Ja"	"Nej"	"Nej"	"Nej"	"Nej"	"Ja"	"Nej"	"Nej"	"Ja"	"Nej"	300	"Nej"	"Ja"	"Nej"	"Nej"	"Ja"	"Nej"	"Nej"	"Nej"	"Ja"	"Nej"	"Nej"	"Nej"	"Nej"	"Ja"	"Nej"	"Nej"	"Nej"	"Nej"	"Ja"	"Nej"	"Nej"	"Nej"	"Ja"	"Nej"	"Nej"	"Nej"	"Ja"	"Nej"	"Nej"	"Nej"	"Ja"	"Nej"	"Nej"	"Nej"	"Ja"	"Nej"	"Nej"	"Nej"	"Nej"	"Ja"	"Nej"	"Nej"	"Nej"	"Nej"	"Nej"	"Ja"	"Nej"	"Nej"	"Nej"	"Nej"	"Ja"	"Nej"	"Nej"	"Nej"	"Nej"	"Ja"	"Nej"	"Nej"	"Nej"	"Nej"	"Ja"	"Nej"	"Nej"	"Nej"	"Nej"	"Nej"	"Ja"	"Nej"	"Ja"	"Ja"	"Nej"	"Nej"	"Nej"	"Nej"	"Nej"
6	"Nej"	"Nej"	"Nej"	"Nej"	"Nej"	"Nej"	"Nej"	"Nej"	"Nej"	"Nej"	"Nej"	"Ja"	"Nej"	"Ja"	"Nej"	"Nej"	"Nej"	"Nej"	"Nej"	"Ja"	"Nej"	"Nej"	"Nej"	"Nej"	"Ja"	"Nej"	300	"Ja"	"Nej"	"Nej"	"Nej"	"Ja"	"Nej"	"Nej"	"Nej"	"Ja"	"Nej"	"Nej"	"Nej"	"Nej"	"Nej"	"Ja"	"Nej"	"Nej"	"Nej"	"Ja"	"Nej"	"Nej"	"Nej"	"Ja"	"Nej"	"Nej"	"Nej"	"Ja"	"Nej"	"Ja"	"Nej"	"Nej"	"Nej"	"Nej"	"Nej"	"Nej"	"Ja"	"Nej"	"Nej"	"Nej"	"Ja"	"Nej"	"Nej"	"Nej"	"Nej"	"Nej"	"Ja"	"Nej"	"Nej"	"Nej"	"Ja"	"Nej"	"Nej"	"Nej"	"Nej"	"Nej"	"Ja"	"Nej"	"Nej"	"Nej"	"Ja"	"Nej"	"Nej"	"Nej"	"Nej"	"Nej"	"Nej"	"Nej"	"Ja"	"Ja"	"Ja"	"Nej"	"Nej"	"Nej"	"Nej"	"Nej"
7	"Nej"	"Nej"	"Nej"	"Nej"	"Nej"	"Nej"	"Nej"	"Nej"	"Ja"	"Ja"	"Nej"	"Nej"	"Nej"	"Nej"	"Ja"	"Nej"	"Nej"	"Nej"	"Nej"	"Nej"	"Ja"	"Nej"	"Nej"	"Nej"	"Ja"	"Nej"	600	"Nej"	"Nej"	"Ja"	"Nej"	"Ja"	"Nej"	"Nej"	"Nej"	"Nej"	"Ja"	"Nej"	"Nej"	"Nej"	"Nej"	"Ja"	"Nej"	"Nej"	"Nej"	"Ja"	"Nej"	"Nej"	"Nej"	"Ja"	"Nej"	"Nej"	"Nej"	"Ja"	"Nej"	"Ja"	"Nej"	"Nej"	"Nej"	"Nej"	"Nej"	"Nej"	"Nej"	"Nej"	"Ja"	"Ja"	"Nej"	"Nej"	"Nej"	"Nej"	"Nej"	"Nej"	"Nej"	"Ja"	"Nej"	"Ja"	"Nej"	"Nej"	"Nej"	"Nej"	"Nej"	"Nej"	"Nej"	"Nej"	"Ja"	"Ja"	"Nej"	"Nej"	"Nej"	"Nej"	"Nej"	"Nej"	"Ja"	"Nej"	"Nej"	"Ja"	"Nej"	"Ja"	"Nej"	"Nej"	"Nej"	"Nej"
8	"Nej"	"Ja"	"Nej"	"Nej"	"Nej"	"Nej"	"Nej"	"Nej"	"Nej"	"Nej"	"Nej"	"Nej"	"Nej"	"Nej"	"Ja"	"Ja"	"Nej"	"Nej"	"Nej"	"Nej"	"Nej"	"Ja"	"Nej"	"Nej"	"Ja"	"Nej"	300	"Nej"	"Ja"	"Nej"	"Nej"	"Ja"	"Nej"	"Nej"	"Nej"	"Ja"	"Nej"	"Nej"	"Nej"	"Nej"	"Nej"	"Ja"	"Nej"	"Nej"	"Nej"	"Ja"	"Nej"	"Nej"	"Nej"	"Ja"	"Nej"	"Nej"	"Ja"	"Nej"	"Nej"	"Nej"	"Nej"	"Ja"	"Nej"	"Nej"	"Nej"	"Ja"	"Nej"	"Nej"	"Nej"	"Nej"	"Ja"	"Nej"	"Nej"	"Nej"	"Nej"	"Nej"	"Ja"	"Nej"	"Nej"	"Nej"	"Nej"	"Ja"	"Nej"	"Nej"	"Nej"	"Nej"	"Nej"	"Ja"	"Nej"	"Nej"	"Nej"	"Ja"	"Nej"	"Nej"	"Nej"	"Nej"	"Nej"	"Ja"	"Nej"	"Ja"	"Nej"	"Ja"	"Nej"	"Nej"	"Nej"	"Nej"
9	"Ja"	"Nej"	"Nej"	"Nej"	"Nej"	"Nej"	"Nej"	"Nej"	"Nej"	"Nej"	"Nej"	"Nej"	"Nej"	"Nej"	"Ja"	"Nej"	"Nej"	"Nej"	"Nej"	"Nej"	"Nej"	"Ja"	"Nej"	"Nej"	"Ja"	"Nej"	300	"Ja"	"Nej"	"Nej"	"Nej"	"Ja"	"Nej"	"Nej"	"Nej"	"Ja"	"Nej"	"Nej"	"Nej"	"Nej"	"Ja"	"Nej"	"Nej"	"Nej"	"Nej"	"Ja"	"Nej"	"Nej"	"Nej"	"Ja"	"Nej"	"Nej"	"Nej"	"Nej"	"Ja"	"Nej"	"Nej"	"Ja"	"Nej"	"Nej"	"Nej"	"Nej"	"Nej"	"Ja"	"Nej"	"Nej"	"Nej"	"Ja"	"Nej"	"Nej"	"Nej"	"Nej"	"Ja"	"Nej"	"Nej"	"Nej"	"Nej"	"Ja"	"Nej"	"Nej"	"Nej"	"Nej"	"Nej"	"Ja"	"Nej"	"Nej"	"Nej"	"Nej"	"Ja"	"Nej"	"Nej"	"Nej"	"Ja"	"Nej"	"Nej"	"Nej"	"Nej"	"Nej"	"Ja"	"Nej"	"Nej"	"Nej"
10	"Nej"	"Nej"	"Nej"	"Nej"	"Nej"	"Nej"	"Nej"	"Nej"	"Nej"	"Nej"	"Ja"	"Ja"	"Nej"	"Nej"	"Ja"	"Ja"	"Nej"	"Nej"	"Nej"	"Nej"	"Ja"	"Nej"	"Nej"	"Nej"	"Ja"	"Nej"	500	"Nej"	"Ja"	"Nej"	"Ja"	"Nej"	"Nej"	"Nej"	"Nej"	"Nej"	"Nej"	"Ja"	"Nej"	"Nej"	"Nej"	"Ja"	"Nej"	"Nej"	"Nej"	"Ja"	"Nej"	"Nej"	"Nej"	"Ja"	"Nej"	"Nej"	"Nej"	"Nej"	"Ja"	"Ja"	"Nej"	"Nej"	"Nej"	"Nej"	"Nej"	"Nej"	"Nej"	"Nej"	"Ja"	"Ja"	"Nej"	"Nej"	"Nej"	"Nej"	"Nej"	"Nej"	"Ja"	"Nej"	"Nej"	"Ja"	"Nej"	"Nej"	"Nej"	"Nej"	"Nej"	"Nej"	"Nej"	"Nej"	"Ja"	"Ja"	"Nej"	"Nej"	"Nej"	"Nej"	"Nej"	"Nej"	"Nej"	"Ja"	"Nej"	"Nej"	"Ja"	"Nej"	"Nej"	"Nej"	"Nej"	"Nej"
11	"Nej"	"Nej"	"Nej"	"Nej"	"Nej"	"Ja"	"Ja"	"Nej"	"Nej"	"Nej"	"Nej"	"Nej"	"Nej"	"Nej"	"Ja"	"Nej"	"Nej"	"Nej"	"Nej"	"Nej"	"Nej"	"Nej"	"Ja"	"Nej"	"Ja"	"Nej"	300	"Ja"	"Nej"	"Nej"	"Nej"	"Ja"	"Nej"	"Nej"	"Nej"	"Ja"	"Nej"	"Nej"	"Nej"	"Nej"	"Ja"	"Nej"	"Nej"	"Nej"	"Ja"	"Nej"	"Nej"	"Nej"	"Nej"	"Ja"	"Nej"	"Nej"	"Nej"	"Ja"	"Nej"	"Nej"	"Ja"	"Nej"	"Nej"	"Nej"	"Nej"	"Nej"	"Ja"	"Nej"	"Nej"	"Nej"	"Nej"	"Ja"	"Nej"	"Nej"	"Nej"	"Ja"	"Nej"	"Nej"	"Nej"	"Nej"	"Nej"	"Ja"	"Nej"	"Nej"	"Nej"	"Nej"	"Nej"	"Ja"	"Nej"	"Nej"	"Ja"	"Nej"	"Nej"	"Nej"	"Nej"	"Nej"	"Nej"	"Ja"	"Nej"	"Ja"	"Nej"	"Ja"	"Nej"	"Nej"	"Nej"	"Nej"
12	"Nej"	"Nej"	"Nej"	"Nej"	"Nej"	"Nej"	"Nej"	"Nej"	"Nej"	"Nej"	"Ja"	"Nej"	"Nej"	"Ja"	"Nej"	"Nej"	"Nej"	"Nej"	"Nej"	"Nej"	"Nej"	"Ja"	"Nej"	"Nej"	"Ja"	"Nej"	300	"Ja"	"Nej"	"Nej"	"Nej"	"Ja"	"Nej"	"Nej"	"Nej"	"Ja"	"Nej"	"Nej"	"Nej"	"Nej"	"Ja"	"Nej"	"Nej"	"Nej"	"Nej"	"Ja"	"Nej"	"Nej"	"Nej"	"Ja"	"Nej"	"Nej"	"Nej"	"Ja"	"Nej"	"Nej"	"Ja"	"Nej"	"Nej"	"Nej"	"Nej"	"Ja"	"Nej"	"Nej"	"Nej"	"Ja"	"Nej"	"Nej"	"Nej"	"Nej"	"Nej"	"Ja"	"Nej"	"Nej"	"Nej"	"Nej"	"Ja"	"Nej"	"Nej"	"Nej"	"Nej"	"Nej"	"Ja"	"Nej"	"Nej"	"Nej"	"Ja"	"Nej"	"Nej"	"Nej"	"Nej"	"Nej"	"Ja"	"Nej"	"Nej"	"Ja"	"Ja"	"Nej"	"Nej"	"Nej"	"Nej"	"Nej"
13	"Nej"	"Nej"	"Nej"	"Ja"	"Nej"	"Nej"	"Nej"	"Nej"	"Nej"	"Nej"	"Nej"	"Nej"	"Nej"	"Nej"	"Nej"	"Nej"	"Ja"	"Nej"	"Nej"	"Nej"	"Nej"	"Nej"	"Ja"	"Nej"	"Ja"	"Nej"	NA	"Ja"	"Nej"	"Nej"	"Nej"	"Ja"	"Nej"	"Nej"	"Nej"	"Ja"	"Nej"	"Nej"	"Nej"	"Nej"	"Ja"	"Nej"	"Nej"	"Nej"	"Nej"	"Ja"	"Nej"	"Nej"	"Nej"	"Ja"	"Ja"	"Nej"	"Nej"	"Nej"	"Nej"	"Ja"	"Nej"	"Nej"	"Nej"	"Nej"	"Nej"	"Nej"	"Nej"	"Ja"	"Nej"	"Ja"	"Nej"	"Nej"	"Nej"	"Nej"	"Nej"	"Ja"	"Nej"	"Nej"	"Nej"	"Ja"	"Nej"	"Nej"	"Nej"	"Nej"	"Nej"	"Nej"	"Nej"	"Ja"	"Nej"	"Ja"	"Nej"	"Nej"	"Nej"	"Nej"	"Nej"	"Nej"	"Ja"	"Nej"	"Nej"	"Nej"	"Nej"	"Nej"	"Nej"	"Ja"	"Nej"	"Nej"
15	"Nej"	"Nej"	"Nej"	"Nej"	"Nej"	"Nej"	"Nej"	"Nej"	"Nej"	"Nej"	"Nej"	"Nej"	"Ja"	"Ja"	"Nej"	"Nej"	"Nej"	"Nej"	"Nej"	"Nej"	"Ja"	"Nej"	"Nej"	"Nej"	"Ja"	"Nej"	700	"Nej"	"Nej"	"Ja"	"Ja"	"Nej"	"Nej"	"Nej"	"Nej"	"Nej"	"Nej"	"Ja"	"Nej"	"Nej"	"Nej"	"Ja"	"Nej"	"Nej"	"Nej"	"Ja"	"Nej"	"Nej"	"Nej"	"Ja"	"Nej"	"Nej"	"Ja"	"Nej"	"Nej"	"Nej"	"Nej"	"Ja"	"Nej"	"Nej"	"Nej"	"Nej"	"Nej"	"Nej"	"Ja"	"Ja"	"Nej"	"Nej"	"Nej"	"Nej"	"Nej"	"Nej"	"Ja"	"Nej"	"Nej"	"Nej"	"Nej"	"Ja"	"Nej"	"Nej"	"Nej"	"Nej"	"Ja"	"Nej"	"Nej"	"Nej"	"Ja"	"Nej"	"Nej"	"Nej"	"Nej"	"Nej"	"Ja"	"Nej"	"Nej"	"Ja"	"Nej"	"Nej"	"Nej"	"Ja"	"Nej"	"Nej"
17	"Nej"	"Nej"	"Nej"	"Nej"	"Ja"	"Ja"	"Ja"	"Ja"	"Nej"	"Nej"	"Nej"	"Nej"	"Nej"	"Nej"	"Ja"	"Ja"	"Nej"	"Nej"	"Nej"	"Nej"	"Nej"	"Nej"	"Ja"	"Nej"	"Ja"	"Nej"	650	"Nej"	"Nej"	"Ja"	"Nej"	"Ja"	"Nej"	"Nej"	"Nej"	"Nej"	"Ja"	"Nej"	"Nej"	"Nej"	"Nej"	"Ja"	"Nej"	"Nej"	"Nej"	"Ja"	"Nej"	"Nej"	"Nej"	"Ja"	"Nej"	"Nej"	"Ja"	"Nej"	"Nej"	"Nej"	"Nej"	"Ja"	"Nej"	"Nej"	"Nej"	"Ja"	"Nej"	"Nej"	"Nej"	"Nej"	"Ja"	"Nej"	"Nej"	"Nej"	"Ja"	"Nej"	"Nej"	"Nej"	"Nej"	"Nej"	"Ja"	"Nej"	"Nej"	"Nej"	"Nej"	"Nej"	"Nej"	"Ja"	"Nej"	"Nej"	"Ja"	"Nej"	"Nej"	"Nej"	"Ja"	"Nej"	"Nej"	"Nej"	"Nej"	"Ja"	"Nej"	"Ja"	"Nej"	"Nej"	"Nej"	"Nej"
18	"Nej"	"Nej"	"Nej"	"Nej"	"Nej"	"Nej"	"Nej"	"Nej"	"Nej"	"Nej"	"Nej"	"Nej"	"Ja"	"Ja"	"Nej"	"Nej"	"Nej"	"Nej"	"Nej"	"Nej"	"Ja"	"Nej"	"Nej"	"Nej"	"Ja"	"Nej"	1400	"Nej"	"Nej"	"Ja"	"Ja"	"Nej"	"Nej"	"Nej"	"Nej"	"Nej"	"Nej"	"Ja"	"Nej"	"Nej"	"Nej"	"Ja"	"Nej"	"Nej"	"Nej"	"Ja"	"Nej"	"Nej"	"Nej"	"Ja"	"Nej"	"Nej"	"Ja"	"Nej"	"Nej"	"Nej"	"Ja"	"Nej"	"Nej"	"Nej"	"Nej"	"Nej"	"Ja"	"Nej"	"Nej"	"Nej"	"Ja"	"Nej"	"Nej"	"Nej"	"Nej"	"Nej"	"Ja"	"Nej"	"Nej"	"Nej"	"Ja"	"Nej"	"Nej"	"Nej"	"Nej"	"Nej"	"Nej"	"Ja"	"Nej"	"Nej"	"Ja"	"Nej"	"Nej"	"Nej"	"Nej"	"Nej"	"Nej"	"Ja"	"Nej"	"Ja"	"Nej"	"Nej"	"Nej"	"Nej"	"Ja"	"Nej"
19	"Nej"	"Nej"	"Nej"	"Nej"	"Nej"	"Nej"	"Nej"	"Nej"	"Ja"	"Nej"	"Nej"	"Nej"	"Nej"	"Nej"	"Ja"	"Ja"	"Ja"	"Nej"	"Nej"	"Nej"	"Ja"	"Nej"	"Nej"	"Ja"	"Nej"	"Nej"	NA	"Ja"	"Nej"	"Nej"	"Ja"	"Nej"	"Nej"	"Nej"	"Nej"	"Nej"	"Ja"	"Nej"	"Nej"	"Nej"	"Ja"	"Nej"	"Nej"	"Nej"	"Ja"	"Nej"	"Nej"	"Nej"	"Ja"	"Nej"	"Ja"	"Nej"	"Nej"	"Nej"	"Nej"	"Ja"	"Nej"	"Nej"	"Nej"	"Nej"	"Nej"	"Ja"	"Nej"	"Nej"	"Nej"	"Ja"	"Nej"	"Nej"	"Nej"	"Nej"	"Ja"	"Nej"	"Nej"	"Nej"	"Nej"	"Nej"	"Ja"	"Nej"	"Nej"	"Nej"	"Nej"	"Ja"	"Nej"	"Nej"	"Nej"	"Nej"	"Ja"	"Nej"	"Nej"	"Nej"	"Nej"	"Nej"	"Ja"	"Nej"	"Nej"	"Ja"	"Nej"	"Nej"	"Ja"	"Nej"	"Nej"	"Nej"
20	"Nej"	"Nej"	"Nej"	"Nej"	"Nej"	"Nej"	"Nej"	"Nej"	"Ja"	"Nej"	"Nej"	"Nej"	"Nej"	"Ja"	"Nej"	"Nej"	"Nej"	"Nej"	"Nej"	"Nej"	"Ja"	"Nej"	"Nej"	"Nej"	"Ja"	"Nej"	650	NA	NA	NA	"Nej"	"Ja"	"Nej"	"Nej"	"Nej"	"Nej"	"Ja"	"Nej"	"Nej"	"Nej"	"Nej"	"Ja"	"Nej"	"Nej"	"Ja"	"Nej"	"Nej"	"Nej"	"Ja"	"Nej"	"Nej"	"Nej"	"Ja"	"Nej"	"Nej"	"Nej"	"Nej"	"Ja"	"Nej"	"Nej"	"Nej"	"Nej"	"Ja"	"Nej"	"Nej"	"Nej"	"Nej"	"Ja"	"Nej"	"Nej"	"Nej"	"Ja"	"Nej"	"Nej"	"Nej"	"Nej"	"Ja"	"Nej"	"Nej"	"Nej"	"Nej"	"Nej"	"Ja"	"Nej"	"Nej"	"Nej"	"Nej"	"Ja"	"Nej"	"Nej"	"Nej"	"Ja"	"Nej"	"Nej"	"Nej"	"Ja"	"Nej"	"Nej"	"Nej"	"Nej"	"Ja"	"Nej"
21	"Nej"	"Nej"	"Nej"	"Nej"	"Nej"	"Nej"	"Nej"	"Nej"	"Ja"	"Nej"	"Nej"	"Nej"	"Nej"	"Ja"	"Nej"	"Nej"	"Nej"	"Nej"	"Nej"	"Nej"	"Nej"	"Nej"	"Ja"	"Nej"	"Ja"	"Nej"	1400	"Nej"	"Nej"	"Ja"	"Nej"	"Ja"	"Nej"	"Nej"	"Nej"	"Ja"	"Nej"	"Nej"	"Nej"	"Ja"	"Nej"	"Nej"	"Nej"	"Ja"	"Nej"	"Nej"	"Nej"	"Nej"	"Nej"	"Ja"	"Nej"	"Nej"	"Ja"	"Nej"	"Nej"	"Ja"	"Nej"	"Nej"	"Nej"	"Nej"	"Nej"	"Nej"	"Nej"	"Ja"	"Nej"	"Ja"	"Nej"	"Nej"	"Nej"	"Nej"	"Nej"	"Nej"	"Ja"	"Nej"	"Nej"	"Nej"	"Ja"	"Nej"	"Nej"	"Nej"	"Nej"	"Nej"	"Nej"	"Ja"	"Nej"	"Nej"	"Ja"	"Nej"	"Nej"	"Nej"	"Nej"	"Nej"	"Nej"	"Ja"	"Nej"	"Nej"	"Nej"	"Nej"	"Ja"	"Nej"	"Nej"	"Nej"
22	"Nej"	"Nej"	"Nej"	"Nej"	"Ja"	"Ja"	"Ja"	"Ja"	"Nej"	"Nej"	"Nej"	"Nej"	"Nej"	"Ja"	"Nej"	"Nej"	"Nej"	"Nej"	"Nej"	"Ja"	"Nej"	"Nej"	"Nej"	"Nej"	"Ja"	"Nej"	0	"Nej"	"Nej"	"Ja"	"Nej"	"Ja"	"Nej"	"Nej"	"Nej"	"Ja"	"Nej"	"Nej"	"Nej"	"Nej"	"Nej"	"Ja"	"Nej"	"Nej"	"Nej"	"Ja"	"Nej"	"Nej"	"Nej"	"Ja"	"Nej"	"Nej"	"Ja"	"Nej"	"Nej"	"Nej"	"Ja"	"Nej"	"Nej"	"Nej"	"Nej"	"Nej"	"Ja"	"Nej"	"Nej"	"Nej"	"Nej"	"Ja"	"Nej"	"Nej"	"Nej"	"Nej"	"Ja"	"Nej"	"Nej"	"Nej"	"Nej"	"Ja"	"Nej"	"Nej"	"Nej"	"Ja"	"Nej"	"Nej"	"Nej"	"Ja"	"Nej"	"Nej"	"Nej"	"Nej"	"Nej"	"Nej"	"Nej"	"Nej"	"Ja"	"Ja"	"Nej"	"Nej"	"Nej"	"Nej"	"Ja"	"Nej"
23	"Nej"	"Nej"	"Nej"	"Nej"	"Nej"	"Nej"	"Nej"	"Nej"	"Ja"	"Nej"	"Nej"	"Nej"	"Nej"	"Nej"	"Nej"	"Nej"	"Ja"	"Nej"	"Nej"	"Nej"	"Nej"	"Ja"	"Nej"	"Nej"	"Ja"	"Nej"	446	NA	NA	NA	"Ja"	"Nej"	"Nej"	"Nej"	"Nej"	"Nej"	"Nej"	"Ja"	NA	NA	NA	NA	"Nej"	"Nej"	"Nej"	"Ja"	"Nej"	"Nej"	"Nej"	"Ja"	"Nej"	"Nej"	"Ja"	"Nej"	"Nej"	"Nej"	"Nej"	"Ja"	"Nej"	"Nej"	"Nej"	"Ja"	"Nej"	"Nej"	"Nej"	"Nej"	"Ja"	"Nej"	"Nej"	"Nej"	"Nej"	"Nej"	"Nej"	"Ja"	"Nej"	"Nej"	"Ja"	"Nej"	"Nej"	"Nej"	"Nej"	"Nej"	"Ja"	"Nej"	"Nej"	"Nej"	"Nej"	"Ja"	"Nej"	"Nej"	"Nej"	"Nej"	"Nej"	"Ja"	"Nej"	"Ja"	"Nej"	"Ja"	"Nej"	"Nej"	"Nej"	"Nej"
24	"Nej"	"Nej"	"Nej"	"Ja"	"Nej"	"Nej"	"Nej"	"Nej"	"Nej"	"Nej"	"Nej"	"Nej"	"Nej"	"Ja"	"Nej"	"Nej"	"Nej"	"Nej"	"Nej"	"Nej"	"Ja"	"Nej"	"Nej"	"Nej"	"Ja"	"Nej"	0	"Nej"	"Nej"	"Ja"	"Ja"	"Nej"	"Nej"	"Nej"	"Nej"	"Nej"	"Ja"	"Nej"	"Nej"	"Nej"	"Nej"	"Ja"	"Nej"	"Nej"	"Nej"	"Ja"	"Nej"	"Nej"	"Nej"	"Ja"	"Nej"	"Nej"	"Nej"	"Ja"	"Nej"	"Ja"	"Nej"	"Nej"	"Nej"	"Nej"	"Nej"	"Nej"	"Nej"	"Nej"	"Ja"	"Ja"	"Nej"	"Nej"	"Nej"	"Nej"	"Nej"	"Nej"	"Nej"	"Ja"	"Nej"	"Ja"	"Nej"	"Nej"	"Nej"	"Nej"	"Nej"	"Nej"	"Nej"	"Ja"	"Nej"	"Nej"	"Ja"	"Nej"	"Nej"	"Nej"	"Nej"	"Nej"	"Nej"	"Ja"	"Nej"	"Nej"	"Nej"	"Nej"	"Nej"	"Ja"	"Nej"	"Nej"
25	"Nej"	"Nej"	"Nej"	"Nej"	"Ja"	"Ja"	"Ja"	"Ja"	"Nej"	"Nej"	"Nej"	"Nej"	"Nej"	"Nej"	"Nej"	"Nej"	"Ja"	"Nej"	"Nej"	"Ja"	"Nej"	"Nej"	"Nej"	"Nej"	"Ja"	"Nej"	1495	"Nej"	"Nej"	"Ja"	"Nej"	"Ja"	"Nej"	"Nej"	"Nej"	"Ja"	"Nej"	"Nej"	"Nej"	"Nej"	"Ja"	"Nej"	"Nej"	"Nej"	"Nej"	"Ja"	"Nej"	"Nej"	"Nej"	"Ja"	"Nej"	"Nej"	"Ja"	"Nej"	"Nej"	"Nej"	"Ja"	"Nej"	"Nej"	"Nej"	"Nej"	"Nej"	"Ja"	"Nej"	"Nej"	"Nej"	"Ja"	"Nej"	"Nej"	"Nej"	"Nej"	"Ja"	"Nej"	"Nej"	"Nej"	"Nej"	"Ja"	"Nej"	"Nej"	"Nej"	"Nej"	"Ja"	"Nej"	"Nej"	"Nej"	"Nej"	"Ja"	"Nej"	"Nej"	"Nej"	"Nej"	"Nej"	"Nej"	"Nej"	"Ja"	"Ja"	"Nej"	"Nej"	"Nej"	"Ja"	"Nej"	"Nej"
26	"Nej"	"Nej"	"Nej"	"Nej"	"Nej"	"Nej"	"Nej"	"Nej"	"Ja"	"Nej"	"Nej"	"Nej"	"Nej"	"Ja"	"Nej"	"Nej"	"Nej"	"Nej"	"Nej"	"Nej"	"Nej"	"Ja"	"Nej"	"Nej"	"Ja"	"Nej"	300	"Ja"	"Nej"	"Nej"	"Nej"	"Ja"	"Nej"	"Nej"	"Nej"	"Ja"	"Nej"	"Nej"	"Nej"	"Nej"	"Ja"	"Nej"	"Nej"	"Nej"	"Ja"	"Nej"	"Nej"	"Nej"	"Nej"	"Ja"	"Nej"	"Nej"	"Ja"	"Nej"	"Nej"	"Nej"	"Nej"	"Ja"	"Nej"	"Nej"	"Nej"	"Nej"	"Ja"	"Nej"	"Nej"	"Ja"	"Nej"	"Nej"	"Nej"	"Nej"	"Nej"	"Ja"	"Nej"	"Nej"	"Nej"	"Nej"	"Ja"	"Nej"	"Nej"	"Nej"	"Nej"	"Nej"	"Ja"	"Nej"	"Nej"	"Nej"	"Nej"	"Ja"	"Nej"	"Nej"	"Nej"	"Ja"	"Nej"	"Nej"	"Nej"	"Ja"	"Nej"	"Nej"	"Nej"	"Ja"	"Nej"	"Nej"
27	"Nej"	"Nej"	"Nej"	"Nej"	"Nej"	"Nej"	"Nej"	"Nej"	"Nej"	"Nej"	"Nej"	"Nej"	"Ja"	"Ja"	"Nej"	"Nej"	"Nej"	"Nej"	"Nej"	"Nej"	"Nej"	"Ja"	"Nej"	"Nej"	"Ja"	"Nej"	900	"Nej"	"Ja"	"Nej"	"Ja"	"Nej"	"Nej"	"Nej"	"Nej"	"Ja"	"Nej"	"Nej"	"Nej"	"Nej"	"Ja"	"Nej"	"Nej"	"Nej"	"Nej"	"Ja"	"Nej"	"Nej"	"Nej"	"Ja"	"Nej"	"Nej"	"Nej"	"Ja"	"Nej"	"Nej"	"Ja"	"Nej"	"Nej"	"Nej"	"Nej"	"Nej"	"Ja"	"Nej"	"Nej"	"Ja"	"Nej"	"Nej"	"Nej"	"Nej"	"Nej"	"Ja"	"Nej"	"Nej"	"Nej"	"Nej"	"Ja"	"Nej"	"Nej"	"Nej"	"Nej"	"Nej"	"Ja"	"Nej"	"Nej"	"Nej"	"Ja"	"Nej"	"Nej"	"Nej"	"Nej"	"Nej"	"Ja"	"Nej"	"Nej"	"Nej"	"Nej"	"Nej"	"Ja"	"Nej"	"Nej"	"Nej"
28	"Nej"	"Nej"	"Nej"	"Nej"	"Nej"	"Nej"	"Nej"	"Nej"	"Nej"	"Nej"	"Nej"	"Nej"	"Ja"	"Nej"	"Nej"	"Nej"	"Ja"	"Nej"	"Nej"	"Nej"	"Nej"	"Nej"	"Ja"	"Nej"	"Ja"	"Nej"	0	"Nej"	"Nej"	"Ja"	"Ja"	"Nej"	"Nej"	"Nej"	"Nej"	"Nej"	"Ja"	"Nej"	"Nej"	"Nej"	"Ja"	"Nej"	"Nej"	"Nej"	"Ja"	"Nej"	"Nej"	"Nej"	"Nej"	"Ja"	"Nej"	"Nej"	"Nej"	"Nej"	"Ja"	"Nej"	"Nej"	"Ja"	"Nej"	"Nej"	"Nej"	"Nej"	"Nej"	"Ja"	"Nej"	"Nej"	"Nej"	"Nej"	"Ja"	"Nej"	"Nej"	"Nej"	"Ja"	"Nej"	"Nej"	"Nej"	"Nej"	"Nej"	"Ja"	"Nej"	"Nej"	"Nej"	"Nej"	"Ja"	"Nej"	"Nej"	"Ja"	"Nej"	"Nej"	"Nej"	"Nej"	"Nej"	"Ja"	"Nej"	"Nej"	"Nej"	"Nej"	"Nej"	"Ja"	"Nej"	"Nej"	"Nej"
29	"Nej"	"Nej"	"Nej"	"Nej"	"Nej"	"Nej"	"Nej"	"Nej"	"Ja"	"Ja"	"Nej"	"Nej"	"Nej"	"Ja"	"Nej"	"Nej"	"Nej"	"Nej"	"Nej"	"Nej"	"Nej"	"Ja"	"Nej"	"Nej"	"Ja"	"Nej"	680	"Nej"	"Ja"	"Nej"	"Nej"	"Ja"	"Nej"	"Nej"	"Nej"	"Nej"	"Ja"	"Nej"	"Nej"	"Nej"	"Ja"	"Nej"	"Nej"	"Nej"	"Nej"	"Ja"	"Nej"	"Nej"	"Nej"	"Ja"	"Nej"	"Nej"	"Nej"	"Ja"	"Nej"	"Nej"	"Ja"	"Nej"	"Nej"	"Nej"	"Nej"	"Nej"	"Nej"	"Ja"	"Nej"	"Nej"	"Ja"	"Nej"	"Nej"	"Nej"	"Nej"	"Nej"	"Ja"	"Nej"	"Nej"	"Ja"	"Nej"	"Nej"	"Nej"	"Nej"	"Nej"	"Nej"	"Nej"	"Ja"	"Nej"	"Nej"	"Ja"	"Nej"	"Nej"	"Nej"	"Nej"	"Ja"	"Nej"	"Nej"	"Nej"	"Ja"	"Nej"	"Ja"	"Nej"	"Nej"	"Nej"	"Nej"
31	"Nej"	"Nej"	"Nej"	"Nej"	"Nej"	"Nej"	"Nej"	"Nej"	"Ja"	"Nej"	"Nej"	"Nej"	"Nej"	"Ja"	"Nej"	"Nej"	"Nej"	"Nej"	"Nej"	"Nej"	"Nej"	"Ja"	"Nej"	"Nej"	"Ja"	"Nej"	900	"Nej"	"Nej"	"Ja"	"Ja"	"Nej"	"Nej"	"Nej"	"Nej"	"Nej"	"Ja"	"Nej"	"Nej"	"Nej"	"Nej"	"Ja"	"Nej"	"Nej"	"Nej"	"Ja"	"Nej"	"Nej"	"Nej"	"Ja"	"Nej"	"Nej"	"Ja"	"Nej"	"Nej"	"Nej"	"Ja"	"Nej"	"Nej"	"Nej"	"Nej"	"Ja"	"Nej"	"Nej"	"Nej"	"Nej"	"Ja"	"Nej"	"Nej"	"Nej"	"Nej"	"Nej"	"Nej"	"Ja"	"Nej"	"Nej"	"Ja"	"Nej"	"Nej"	"Nej"	"Nej"	"Nej"	"Ja"	"Nej"	"Nej"	"Nej"	"Nej"	"Ja"	"Nej"	"Nej"	"Nej"	"Ja"	"Nej"	"Nej"	"Nej"	"Ja"	"Nej"	"Ja"	"Nej"	"Nej"	"Nej"	"Nej"
32	"Nej"	"Nej"	"Nej"	"Nej"	"Nej"	"Nej"	"Nej"	"Nej"	"Nej"	"Nej"	"Nej"	"Nej"	"Ja"	"Nej"	"Nej"	"Nej"	"Ja"	"Nej"	"Nej"	"Nej"	"Nej"	"Ja"	"Nej"	"Nej"	"Ja"	"Nej"	680	"Nej"	"Ja"	"Nej"	"Ja"	"Nej"	"Nej"	"Nej"	"Nej"	"Nej"	"Nej"	"Ja"	"Nej"	"Nej"	"Nej"	"Ja"	"Nej"	"Nej"	"Nej"	"Ja"	"Nej"	"Nej"	"Nej"	"Ja"	"Nej"	"Nej"	"Nej"	"Nej"	"Ja"	"Nej"	"Nej"	"Ja"	"Nej"	"Nej"	"Nej"	"Nej"	"Nej"	"Nej"	"Ja"	"Ja"	"Nej"	"Nej"	"Nej"	"Nej"	"Nej"	"Nej"	"Nej"	"Ja"	"Nej"	"Nej"	"Ja"	"Nej"	"Nej"	"Nej"	"Nej"	"Nej"	"Nej"	"Ja"	"Nej"	"Nej"	"Ja"	"Nej"	"Nej"	"Nej"	"Nej"	"Nej"	"Ja"	"Nej"	"Nej"	"Nej"	"Nej"	"Nej"	"Ja"	"Nej"	"Nej"	"Nej"
33	"Nej"	"Nej"	"Nej"	"Nej"	"Nej"	"Nej"	"Nej"	"Nej"	"Ja"	"Nej"	"Ja"	"Nej"	"Nej"	"Nej"	"Ja"	"Nej"	"Nej"	"Nej"	"Nej"	"Nej"	"Ja"	"Nej"	"Nej"	"Nej"	"Ja"	"Nej"	650	NA	NA	NA	"Nej"	"Ja"	"Nej"	"Nej"	"Nej"	"Nej"	"Ja"	"Nej"	"Nej"	"Nej"	"Ja"	"Nej"	"Nej"	"Nej"	"Nej"	"Ja"	"Nej"	"Nej"	"Nej"	"Ja"	"Nej"	"Ja"	"Nej"	"Nej"	"Nej"	"Ja"	"Nej"	"Nej"	"Nej"	"Nej"	"Nej"	"Nej"	"Ja"	"Nej"	"Nej"	"Nej"	"Ja"	"Nej"	"Nej"	"Nej"	"Nej"	"Ja"	"Nej"	"Nej"	"Nej"	"Ja"	"Nej"	"Nej"	"Nej"	"Nej"	"Nej"	"Nej"	"Ja"	"Nej"	"Nej"	"Ja"	"Nej"	"Nej"	"Nej"	"Nej"	"Ja"	"Nej"	"Nej"	"Nej"	"Nej"	"Ja"	NA	NA	NA	NA	NA	NA
34	"Nej"	"Nej"	"Nej"	"Nej"	"Ja"	"Ja"	"Ja"	"Ja"	"Nej"	"Nej"	"Nej"	"Nej"	"Nej"	"Ja"	"Nej"	"Nej"	"Nej"	"Nej"	"Nej"	"Nej"	"Ja"	"Nej"	"Nej"	"Nej"	"Ja"	"Nej"	700	"Nej"	"Nej"	"Ja"	"Nej"	"Ja"	"Nej"	"Nej"	"Nej"	"Nej"	"Ja"	"Nej"	"Nej"	"Nej"	"Ja"	"Nej"	"Nej"	"Nej"	"Ja"	"Nej"	"Nej"	"Nej"	"Ja"	"Nej"	"Nej"	"Nej"	"Ja"	"Nej"	"Nej"	"Nej"	"Ja"	"Nej"	"Nej"	"Nej"	"Nej"	"Ja"	"Nej"	"Nej"	"Nej"	"Nej"	"Ja"	"Nej"	"Nej"	"Nej"	"Nej"	"Ja"	"Nej"	"Nej"	"Nej"	"Ja"	"Nej"	"Nej"	"Nej"	"Nej"	"Nej"	"Ja"	"Nej"	"Nej"	"Nej"	"Nej"	"Ja"	"Nej"	"Nej"	"Nej"	"Nej"	"Nej"	"Nej"	"Ja"	"Nej"	"Nej"	"Nej"	"Ja"	"Nej"	"Nej"	"Nej"	"Nej"
36	"Nej"	"Nej"	"Nej"	"Nej"	"Nej"	"Nej"	"Nej"	"Nej"	"Nej"	"Nej"	"Nej"	"Nej"	"Ja"	"Nej"	"Ja"	"Ja"	"Ja"	"Nej"	"Nej"	"Nej"	"Ja"	"Nej"	"Nej"	"Nej"	"Ja"	"Nej"	700	"Nej"	"Nej"	"Ja"	"Nej"	"Ja"	"Nej"	"Nej"	"Nej"	"Ja"	"Nej"	"Nej"	"Nej"	"Ja"	"Nej"	"Nej"	"Nej"	"Ja"	"Nej"	"Nej"	"Nej"	"Ja"	"Nej"	"Nej"	"Nej"	"Nej"	"Nej"	"Ja"	"Nej"	"Nej"	"Nej"	"Ja"	"Nej"	"Nej"	"Nej"	"Nej"	"Ja"	"Nej"	"Nej"	"Nej"	"Nej"	"Ja"	"Nej"	"Nej"	"Nej"	"Nej"	"Ja"	"Nej"	"Nej"	"Nej"	"Nej"	"Ja"	"Nej"	"Nej"	"Nej"	"Nej"	"Nej"	"Ja"	"Nej"	"Nej"	"Nej"	"Ja"	"Nej"	"Nej"	"Nej"	"Nej"	"Nej"	"Ja"	"Nej"	"Ja"	"Nej"	"Nej"	"Ja"	"Nej"	"Nej"	"Nej"
37	"Nej"	"Nej"	"Nej"	"Nej"	"Nej"	"Nej"	"Nej"	"Nej"	"Nej"	"Nej"	"Nej"	"Ja"	"Nej"	"Ja"	"Nej"	"Nej"	"Nej"	"Nej"	"Nej"	"Nej"	"Nej"	"Nej"	"Ja"	"Nej"	"Ja"	"Nej"	300	"Ja"	"Nej"	"Nej"	"Nej"	"Ja"	"Nej"	"Nej"	"Nej"	"Ja"	"Nej"	"Nej"	"Nej"	"Nej"	"Nej"	"Ja"	"Nej"	"Nej"	"Nej"	"Ja"	"Nej"	"Nej"	"Nej"	"Ja"	"Nej"	"Nej"	"Ja"	"Nej"	"Nej"	"Ja"	"Nej"	"Nej"	"Nej"	"Nej"	"Nej"	"Ja"	"Nej"	"Nej"	"Nej"	"Ja"	"Nej"	"Nej"	"Nej"	"Nej"	"Nej"	"Nej"	"Ja"	"Nej"	"Nej"	"Nej"	"Ja"	"Nej"	"Nej"	"Nej"	"Nej"	"Ja"	"Nej"	"Nej"	"Nej"	"Nej"	"Ja"	"Nej"	"Nej"	"Nej"	"Nej"	"Nej"	"Nej"	"Nej"	"Ja"	"Nej"	"Nej"	"Nej"	"Ja"	"Nej"	"Nej"	"Nej"
38	"Ja"	"Nej"	"Nej"	"Nej"	"Nej"	"Nej"	"Nej"	"Nej"	"Nej"	"Nej"	"Nej"	"Nej"	"Nej"	"Nej"	"Ja"	"Ja"	"Nej"	"Nej"	"Nej"	"Nej"	"Nej"	"Ja"	"Nej"	"Nej"	"Ja"	"Nej"	10	"Nej"	"Ja"	"Nej"	"Ja"	"Nej"	"Nej"	"Nej"	"Nej"	"Nej"	"Ja"	"Nej"	"Nej"	"Nej"	"Nej"	"Ja"	"Nej"	"Nej"	"Nej"	"Ja"	"Nej"	"Nej"	"Nej"	"Ja"	"Nej"	"Nej"	"Ja"	"Nej"	"Nej"	"Nej"	"Nej"	"Ja"	"Nej"	"Nej"	"Nej"	"Nej"	"Ja"	"Nej"	"Nej"	"Nej"	"Nej"	"Ja"	"Nej"	"Nej"	"Nej"	"Nej"	"Ja"	"Nej"	"Nej"	"Nej"	"Nej"	"Ja"	"Nej"	"Nej"	"Nej"	"Nej"	"Ja"	"Nej"	"Nej"	"Nej"	"Nej"	"Ja"	"Nej"	"Nej"	"Nej"	"Nej"	"Nej"	"Ja"	"Nej"	"Nej"	"Nej"	"Nej"	"Nej"	"Ja"	"Nej"	"Nej"
43	"Nej"	"Nej"	"Nej"	"Nej"	"Nej"	"Nej"	"Nej"	"Ja"	"Nej"	"Nej"	"Nej"	"Nej"	"Nej"	"Nej"	"Ja"	"Ja"	"Ja"	"Nej"	"Nej"	"Nej"	"Nej"	"Ja"	"Nej"	"Nej"	"Ja"	"Nej"	1500	"Nej"	"Ja"	"Nej"	"Nej"	"Ja"	"Nej"	"Nej"	"Nej"	"Ja"	"Nej"	"Nej"	"Nej"	"Ja"	"Nej"	"Nej"	"Nej"	"Nej"	"Ja"	"Nej"	"Nej"	"Nej"	"Ja"	"Nej"	"Nej"	"Ja"	"Nej"	"Nej"	"Nej"	"Nej"	"Ja"	"Nej"	"Nej"	"Nej"	"Nej"	"Ja"	"Nej"	"Nej"	"Nej"	"Nej"	"Ja"	"Nej"	"Nej"	"Nej"	"Nej"	"Ja"	"Nej"	"Nej"	"Nej"	"Nej"	"Ja"	"Nej"	"Nej"	"Nej"	"Nej"	"Ja"	"Nej"	"Nej"	"Nej"	"Nej"	"Ja"	"Nej"	"Nej"	"Nej"	"Nej"	"Nej"	"Nej"	"Ja"	"Nej"	"Ja"	"Nej"	"Ja"	"Nej"	"Nej"	"Nej"	"Nej"
44	"Ja"	"Nej"	"Nej"	"Nej"	"Nej"	"Nej"	"Nej"	"Nej"	"Nej"	"Nej"	"Nej"	"Nej"	"Nej"	"Ja"	"Nej"	"Nej"	"Nej"	"Nej"	"Nej"	"Ja"	"Nej"	"Nej"	"Nej"	"Nej"	"Ja"	"Nej"	0	"Nej"	"Nej"	"Ja"	"Nej"	"Ja"	"Nej"	"Nej"	"Nej"	"Ja"	"Nej"	"Nej"	"Nej"	"Nej"	"Nej"	"Ja"	"Nej"	"Nej"	"Nej"	"Ja"	"Nej"	"Nej"	"Nej"	"Ja"	"Nej"	"Ja"	"Nej"	"Nej"	"Nej"	"Nej"	"Ja"	"Nej"	"Nej"	"Nej"	"Nej"	"Nej"	"Ja"	"Nej"	"Nej"	"Nej"	"Nej"	"Ja"	"Nej"	"Nej"	"Ja"	"Nej"	"Nej"	"Nej"	"Nej"	"Nej"	"Ja"	"Nej"	"Nej"	"Nej"	"Nej"	"Nej"	"Ja"	"Nej"	"Nej"	"Nej"	"Ja"	"Nej"	"Nej"	"Nej"	"Nej"	"Nej"	"Ja"	"Nej"	"Nej"	"Nej"	"Nej"	"Nej"	"Ja"	"Nej"	"Nej"	"Nej"
47	"Nej"	"Nej"	"Nej"	"Nej"	"Ja"	"Ja"	"Nej"	"Ja"	"Nej"	"Nej"	"Nej"	"Nej"	"Nej"	"Ja"	"Nej"	"Nej"	"Nej"	"Nej"	"Nej"	"Ja"	"Nej"	"Nej"	"Nej"	"Nej"	"Ja"	"Nej"	1400	"Nej"	"Nej"	"Ja"	"Nej"	"Ja"	"Nej"	"Nej"	"Nej"	"Nej"	"Ja"	"Nej"	"Nej"	"Nej"	"Nej"	"Ja"	"Nej"	"Nej"	"Nej"	"Ja"	"Nej"	"Nej"	"Nej"	"Ja"	"Nej"	"Ja"	"Nej"	"Nej"	"Nej"	"Nej"	"Ja"	"Nej"	"Nej"	"Nej"	"Nej"	"Nej"	"Ja"	"Nej"	"Nej"	"Nej"	"Ja"	"Nej"	"Nej"	"Nej"	"Nej"	"Nej"	"Ja"	"Nej"	"Nej"	"Nej"	"Ja"	"Nej"	"Nej"	"Nej"	"Nej"	"Nej"	"Ja"	"Nej"	"Nej"	"Nej"	"Ja"	"Nej"	"Nej"	"Nej"	"Nej"	"Nej"	"Nej"	"Ja"	"Nej"	"Nej"	"Nej"	"Nej"	"Nej"	"Ja"	"Nej"	"Nej"
49	"Nej"	"Nej"	"Nej"	"Ja"	"Nej"	"Nej"	"Nej"	"Nej"	"Nej"	"Nej"	"Nej"	"Nej"	"Nej"	"Nej"	"Ja"	"Nej"	"Nej"	"Nej"	"Nej"	"Nej"	"Ja"	"Nej"	"Nej"	"Nej"	"Ja"	"Nej"	900	"Nej"	"Nej"	"Ja"	"Nej"	"Ja"	"Nej"	"Nej"	"Nej"	"Ja"	"Nej"	"Nej"	"Nej"	"Nej"	"Ja"	"Nej"	"Nej"	"Nej"	"Nej"	"Ja"	"Nej"	"Nej"	"Nej"	"Ja"	"Nej"	"Ja"	"Nej"	"Nej"	"Nej"	"Ja"	"Nej"	"Nej"	"Nej"	"Nej"	"Nej"	"Ja"	"Nej"	"Nej"	"Nej"	"Nej"	"Ja"	"Nej"	"Nej"	"Nej"	"Nej"	"Ja"	"Nej"	"Nej"	"Nej"	"Nej"	"Ja"	"Nej"	"Nej"	"Nej"	"Nej"	"Nej"	"Ja"	"Nej"	"Nej"	"Nej"	"Ja"	"Nej"	"Nej"	"Nej"	"Nej"	"Nej"	"Ja"	"Nej"	"Nej"	"Ja"	"Nej"	"Nej"	"Nej"	"Ja"	"Nej"	"Nej"
50	"Nej"	"Nej"	"Nej"	"Nej"	"Nej"	"Nej"	"Nej"	"Nej"	"Nej"	"Nej"	"Ja"	"Nej"	"Nej"	"Nej"	"Nej"	"Nej"	"Ja"	"Nej"	"Nej"	"Nej"	"Nej"	"Nej"	"Ja"	"Nej"	"Ja"	"Nej"	0	"Nej"	"Nej"	"Ja"	"Ja"	"Nej"	"Nej"	"Nej"	"Nej"	"Nej"	"Ja"	"Nej"	"Nej"	"Nej"	"Nej"	"Ja"	"Nej"	"Nej"	"Nej"	"Ja"	"Nej"	"Nej"	"Nej"	"Ja"	"Nej"	"Ja"	"Nej"	"Nej"	"Nej"	"Nej"	"Ja"	"Nej"	"Nej"	"Nej"	"Nej"	"Ja"	"Nej"	"Nej"	"Nej"	"Nej"	"Ja"	"Nej"	"Nej"	"Nej"	"Nej"	"Ja"	"Nej"	"Nej"	"Nej"	"Nej"	"Ja"	"Nej"	"Nej"	"Nej"	"Nej"	"Nej"	"Nej"	"Ja"	"Nej"	"Nej"	"Nej"	"Nej"	"Ja"	"Nej"	"Nej"	"Nej"	"Nej"	"Ja"	"Nej"	"Ja"	"Nej"	"Nej"	"Nej"	"Ja"	"Nej"	"Nej"
51	"Nej"	"Nej"	"Nej"	"Nej"	"Nej"	"Ja"	"Ja"	"Nej"	"Nej"	"Nej"	"Nej"	"Nej"	"Nej"	"Nej"	"Nej"	"Nej"	"Ja"	"Nej"	"Nej"	"Nej"	"Nej"	"Ja"	"Nej"	"Nej"	"Ja"	"Nej"	NA	"Nej"	"Ja"	"Nej"	"Nej"	"Ja"	"Nej"	"Nej"	"Nej"	"Nej"	"Ja"	"Nej"	"Nej"	"Nej"	"Ja"	"Nej"	"Nej"	"Ja"	"Nej"	"Nej"	"Nej"	"Nej"	"Ja"	"Nej"	"Nej"	"Nej"	"Ja"	"Nej"	"Nej"	"Nej"	"Ja"	"Nej"	"Nej"	"Nej"	"Nej"	"Nej"	"Ja"	"Nej"	"Nej"	"Nej"	"Ja"	"Nej"	"Nej"	"Nej"	"Nej"	"Nej"	"Ja"	"Nej"	"Nej"	"Nej"	"Ja"	"Nej"	"Nej"	"Nej"	"Nej"	"Nej"	"Ja"	"Nej"	"Nej"	"Nej"	"Ja"	"Nej"	"Nej"	"Nej"	"Nej"	"Nej"	"Ja"	"Nej"	"Nej"	"Nej"	"Nej"	"Nej"	"Nej"	"Nej"	"Nej"	"Ja"
53	"Nej"	"Nej"	"Nej"	"Nej"	"Nej"	"Nej"	"Nej"	"Nej"	"Nej"	"Nej"	"Ja"	"Ja"	"Nej"	"Nej"	"Ja"	"Nej"	"Nej"	"Nej"	"Nej"	"Nej"	"Nej"	"Ja"	"Nej"	"Nej"	"Ja"	"Nej"	800	"Nej"	"Nej"	"Ja"	"Nej"	"Ja"	"Nej"	"Nej"	"Nej"	"Ja"	"Nej"	"Nej"	"Nej"	"Nej"	"Ja"	"Nej"	"Nej"	"Nej"	"Ja"	"Nej"	"Nej"	"Nej"	"Nej"	"Ja"	"Nej"	"Ja"	"Nej"	"Nej"	"Nej"	"Ja"	"Nej"	"Nej"	"Nej"	"Nej"	"Nej"	"Ja"	"Nej"	"Nej"	"Nej"	"Nej"	"Ja"	"Nej"	"Nej"	"Nej"	"Nej"	"Nej"	"Ja"	"Nej"	"Nej"	"Nej"	"Nej"	"Ja"	"Nej"	"Nej"	"Nej"	"Nej"	"Ja"	"Nej"	"Nej"	"Nej"	"Nej"	"Ja"	"Nej"	"Nej"	"Ja"	"Nej"	"Nej"	"Nej"	"Nej"	"Nej"	"Nej"	"Nej"	"Ja"	"Nej"	"Nej"	"Nej"
54	"Nej"	"Nej"	"Nej"	"Ja"	"Nej"	"Nej"	"Nej"	"Nej"	"Nej"	"Nej"	"Nej"	"Nej"	"Nej"	"Nej"	"Ja"	"Ja"	"Nej"	"Nej"	"Nej"	"Nej"	"Ja"	"Nej"	"Nej"	"Nej"	"Ja"	"Nej"	700	"Nej"	"Ja"	"Nej"	"Nej"	"Ja"	"Nej"	"Nej"	"Nej"	"Ja"	"Nej"	"Nej"	"Nej"	"Ja"	"Nej"	"Nej"	"Nej"	"Ja"	"Nej"	"Nej"	"Nej"	"Nej"	"Nej"	"Ja"	"Ja"	"Nej"	"Nej"	"Nej"	"Nej"	"Nej"	"Ja"	"Nej"	"Nej"	"Nej"	"Nej"	"Nej"	"Ja"	"Nej"	"Nej"	"Nej"	"Nej"	"Ja"	"Nej"	"Nej"	"Nej"	"Nej"	"Ja"	"Nej"	"Nej"	"Nej"	"Nej"	"Ja"	"Nej"	"Nej"	"Nej"	"Nej"	"Ja"	"Nej"	"Nej"	"Nej"	"Nej"	"Ja"	"Nej"	"Nej"	"Nej"	"Nej"	"Ja"	"Nej"	"Nej"	"Nej"	"Nej"	"Ja"	"Nej"	"Nej"	"Nej"	"Nej"
55	"Nej"	"Nej"	"Nej"	"Nej"	"Nej"	"Nej"	"Nej"	"Nej"	"Nej"	"Nej"	"Nej"	"Nej"	"Ja"	"Nej"	"Ja"	"Ja"	"Ja"	"Nej"	"Nej"	"Nej"	"Ja"	"Nej"	"Nej"	"Nej"	"Ja"	"Nej"	1400	"Nej"	"Nej"	"Ja"	"Nej"	"Ja"	"Nej"	"Nej"	"Nej"	"Ja"	"Nej"	"Nej"	"Nej"	"Nej"	"Ja"	"Nej"	"Nej"	"Nej"	"Nej"	"Ja"	"Nej"	"Nej"	"Nej"	"Ja"	"Nej"	"Ja"	"Nej"	"Nej"	"Nej"	"Ja"	"Nej"	"Nej"	"Nej"	"Nej"	"Nej"	"Ja"	"Nej"	"Nej"	"Nej"	"Nej"	"Nej"	"Ja"	"Nej"	"Nej"	"Nej"	"Ja"	"Nej"	"Nej"	"Nej"	"Ja"	"Nej"	"Nej"	"Nej"	"Nej"	"Ja"	"Nej"	"Nej"	"Nej"	"Nej"	"Ja"	"Nej"	"Nej"	"Nej"	"Nej"	"Nej"	"Nej"	"Nej"	"Ja"	"Nej"	"Ja"	"Nej"	"Nej"	"Nej"	"Ja"	"Nej"	"Nej"
56	"Nej"	"Ja"	"Ja"	"Ja"	"Ja"	"Ja"	"Ja"	"Ja"	"Nej"	"Nej"	"Nej"	"Nej"	"Nej"	"Nej"	"Ja"	"Ja"	"Ja"	"Nej"	"Nej"	"Ja"	"Nej"	"Nej"	"Nej"	"Nej"	"Ja"	"Nej"	600	"Nej"	"Nej"	"Ja"	"Nej"	"Ja"	"Nej"	"Nej"	"Nej"	"Ja"	"Nej"	"Nej"	"Nej"	"Nej"	"Ja"	"Nej"	"Nej"	"Nej"	"Nej"	"Ja"	"Nej"	"Nej"	"Nej"	"Ja"	"Nej"	"Nej"	"Ja"	"Nej"	"Nej"	"Nej"	"Ja"	"Nej"	"Nej"	"Nej"	"Nej"	"Nej"	"Ja"	"Nej"	"Nej"	"Nej"	"Ja"	"Nej"	"Nej"	"Nej"	"Nej"	"Ja"	"Nej"	"Nej"	"Nej"	"Nej"	"Ja"	"Nej"	"Nej"	"Nej"	"Nej"	"Ja"	"Nej"	"Nej"	"Nej"	"Nej"	"Ja"	"Nej"	"Nej"	"Nej"	"Nej"	"Nej"	"Ja"	"Nej"	"Nej"	"Ja"	"Nej"	"Nej"	"Ja"	"Nej"	"Nej"	"Nej"
57	"Nej"	"Nej"	"Nej"	"Nej"	"Nej"	"Nej"	"Nej"	"Ja"	"Nej"	"Nej"	"Nej"	"Nej"	"Nej"	"Ja"	"Nej"	"Nej"	"Nej"	"Nej"	"Nej"	"Nej"	"Ja"	"Nej"	"Nej"	"Nej"	"Ja"	"Nej"	1130	"Nej"	"Ja"	"Nej"	"Nej"	"Nej"	"Ja"	"Nej"	"Ja"	"Nej"	"Nej"	"Nej"	"Nej"	"Nej"	"Ja"	"Nej"	"Nej"	"Nej"	"Nej"	"Ja"	"Nej"	"Nej"	"Nej"	"Ja"	"Nej"	"Nej"	"Ja"	"Nej"	"Nej"	"Nej"	"Nej"	"Ja"	"Nej"	"Nej"	"Ja"	"Nej"	"Nej"	"Nej"	"Nej"	"Nej"	"Ja"	"Nej"	"Nej"	"Nej"	"Ja"	"Nej"	"Nej"	"Nej"	"Nej"	"Ja"	"Nej"	"Nej"	"Nej"	"Nej"	"Nej"	"Ja"	"Nej"	"Nej"	"Nej"	"Nej"	"Ja"	"Nej"	"Nej"	"Nej"	"Nej"	"Nej"	"Nej"	"Ja"	"Nej"	"Ja"	"Nej"	"Nej"	"Nej"	"Nej"	"Ja"	"Nej"
58	"Ja"	"Nej"	"Nej"	"Nej"	"Nej"	"Nej"	"Nej"	"Nej"	"Nej"	"Nej"	"Nej"	"Nej"	"Nej"	"Nej"	"Ja"	"Nej"	"Nej"	"Nej"	"Nej"	"Nej"	"Nej"	"Nej"	"Ja"	"Nej"	"Ja"	"Nej"	900	"Nej"	"Nej"	"Ja"	"Nej"	"Ja"	"Nej"	"Nej"	"Nej"	"Ja"	"Nej"	"Nej"	"Nej"	"Nej"	"Ja"	"Nej"	"Nej"	"Nej"	"Ja"	"Nej"	"Nej"	"Nej"	"Nej"	"Ja"	"Nej"	"Ja"	"Nej"	"Nej"	"Nej"	"Ja"	"Nej"	"Nej"	"Nej"	"Nej"	"Nej"	"Ja"	"Nej"	"Nej"	"Nej"	"Nej"	"Ja"	"Nej"	"Nej"	"Nej"	"Nej"	"Nej"	"Ja"	"Nej"	"Nej"	"Nej"	"Ja"	"Nej"	"Nej"	"Nej"	"Nej"	"Ja"	"Nej"	"Nej"	"Nej"	"Nej"	"Ja"	"Nej"	"Nej"	"Nej"	"Nej"	"Nej"	"Nej"	"Ja"	"Nej"	"Ja"	"Nej"	"Ja"	"Nej"	"Nej"	"Nej"	"Nej"
60	"Nej"	"Nej"	"Nej"	"Nej"	"Nej"	"Nej"	"Nej"	"Nej"	"Ja"	"Nej"	"Nej"	"Nej"	"Nej"	"Nej"	"Nej"	"Nej"	"Ja"	"Nej"	"Nej"	"Nej"	"Nej"	"Nej"	"Ja"	"Ja"	"Nej"	"Nej"	3700	"Ja"	"Nej"	"Nej"	"Nej"	"Ja"	"Nej"	"Nej"	"Nej"	"Nej"	"Nej"	"Ja"	NA	NA	NA	NA	"Nej"	"Nej"	"Ja"	"Nej"	"Nej"	"Nej"	"Nej"	"Ja"	"Nej"	"Ja"	"Nej"	"Nej"	"Nej"	"Ja"	"Nej"	"Nej"	"Nej"	"Nej"	"Nej"	"Nej"	"Nej"	"Ja"	"Nej"	"Ja"	"Nej"	"Nej"	"Nej"	"Nej"	"Nej"	"Nej"	"Ja"	"Nej"	"Nej"	"Ja"	"Nej"	"Nej"	"Nej"	"Nej"	"Nej"	"Nej"	"Ja"	"Nej"	"Nej"	"Ja"	"Nej"	"Nej"	"Nej"	"Nej"	"Nej"	"Ja"	"Nej"	"Nej"	"Nej"	"Ja"	"Nej"	"Ja"	"Nej"	"Nej"	"Nej"	"Nej"
61	"Nej"	"Nej"	"Nej"	"Nej"	"Nej"	"Nej"	"Nej"	"Nej"	"Ja"	"Ja"	"Ja"	"Nej"	"Nej"	"Ja"	"Nej"	"Nej"	"Nej"	"Nej"	"Nej"	"Ja"	"Nej"	"Nej"	"Nej"	"Nej"	"Ja"	"Nej"	700	"Nej"	"Nej"	"Ja"	"Nej"	"Ja"	"Nej"	"Nej"	"Nej"	"Nej"	"Ja"	"Nej"	"Nej"	"Nej"	"Ja"	"Nej"	"Nej"	"Nej"	"Ja"	"Nej"	"Nej"	"Nej"	"Nej"	"Ja"	"Ja"	"Nej"	"Nej"	"Nej"	"Nej"	"Ja"	"Nej"	"Nej"	"Nej"	"Nej"	"Nej"	"Nej"	"Ja"	"Nej"	"Nej"	"Nej"	"Ja"	"Nej"	"Nej"	"Nej"	"Ja"	"Nej"	"Nej"	"Nej"	"Nej"	"Ja"	"Nej"	"Nej"	"Nej"	"Nej"	"Nej"	"Nej"	"Ja"	"Nej"	"Nej"	"Nej"	"Ja"	"Nej"	"Nej"	"Nej"	"Nej"	"Nej"	"Ja"	"Nej"	"Nej"	"Ja"	"Nej"	"Nej"	"Nej"	"Ja"	"Nej"	"Nej"
62	"Nej"	"Nej"	"Nej"	"Nej"	"Nej"	"Nej"	"Nej"	"Nej"	"Nej"	"Nej"	"Nej"	"Nej"	"Ja"	"Nej"	"Nej"	"Ja"	"Ja"	"Nej"	"Ja"	"Nej"	"Nej"	"Nej"	"Nej"	"Nej"	"Ja"	"Nej"	1130	"Nej"	"Ja"	"Nej"	"Ja"	"Nej"	"Nej"	"Nej"	"Nej"	"Nej"	"Ja"	"Nej"	"Nej"	"Nej"	"Nej"	"Ja"	"Nej"	"Nej"	"Nej"	"Ja"	"Nej"	"Nej"	"Nej"	"Ja"	"Nej"	"Nej"	"Nej"	"Ja"	"Nej"	"Nej"	"Ja"	"Nej"	"Nej"	"Nej"	"Nej"	"Nej"	"Ja"	"Nej"	"Nej"	"Nej"	"Ja"	"Nej"	"Nej"	"Nej"	"Nej"	"Nej"	"Nej"	"Ja"	"Nej"	"Nej"	"Nej"	"Ja"	"Nej"	"Nej"	"Nej"	"Nej"	"Ja"	"Nej"	"Nej"	"Nej"	"Ja"	"Nej"	"Nej"	"Nej"	"Nej"	"Nej"	"Ja"	"Nej"	"Nej"	"Ja"	"Ja"	"Nej"	"Nej"	"Nej"	"Nej"	"Nej"
63	"Nej"	"Nej"	"Nej"	"Nej"	"Nej"	"Nej"	"Nej"	"Nej"	"Ja"	"Nej"	"Nej"	"Nej"	"Nej"	"Nej"	"Ja"	"Nej"	"Nej"	"Nej"	"Nej"	"Nej"	"Ja"	"Nej"	"Nej"	"Nej"	"Ja"	"Nej"	700	"Nej"	"Ja"	"Nej"	"Nej"	"Ja"	"Nej"	"Nej"	"Nej"	"Nej"	"Nej"	"Ja"	"Nej"	"Nej"	"Nej"	"Ja"	"Nej"	"Nej"	"Nej"	"Ja"	"Nej"	"Ja"	"Nej"	"Nej"	"Nej"	"Nej"	"Ja"	"Nej"	"Nej"	"Nej"	"Ja"	"Nej"	"Nej"	"Nej"	"Nej"	"Nej"	"Nej"	"Ja"	"Nej"	"Ja"	"Nej"	"Nej"	"Nej"	"Nej"	"Nej"	"Ja"	"Nej"	"Nej"	"Nej"	"Ja"	"Nej"	"Nej"	"Nej"	"Nej"	"Nej"	"Nej"	"Ja"	"Nej"	"Nej"	"Nej"	"Ja"	"Nej"	"Nej"	"Nej"	"Nej"	"Nej"	"Ja"	"Nej"	"Nej"	"Ja"	"Nej"	"Nej"	"Ja"	"Nej"	"Nej"	"Nej"
64	"Nej"	"Nej"	"Ja"	"Nej"	"Nej"	"Nej"	"Nej"	"Nej"	"Nej"	"Nej"	"Nej"	"Nej"	"Nej"	"Ja"	"Nej"	"Nej"	"Nej"	"Nej"	"Nej"	"Nej"	"Nej"	"Ja"	"Nej"	"Nej"	"Ja"	"Nej"	1130	"Nej"	"Ja"	"Nej"	"Nej"	"Ja"	"Nej"	"Nej"	"Nej"	"Nej"	"Ja"	"Nej"	"Nej"	"Nej"	"Ja"	"Nej"	"Nej"	"Nej"	"Ja"	"Nej"	"Nej"	"Nej"	"Nej"	"Ja"	"Nej"	"Nej"	"Nej"	"Ja"	"Nej"	"Nej"	"Nej"	"Ja"	"Nej"	"Nej"	"Nej"	"Ja"	"Nej"	"Nej"	"Nej"	"Nej"	"Ja"	"Nej"	"Nej"	"Nej"	"Nej"	"Nej"	"Ja"	"Nej"	"Nej"	"Ja"	"Nej"	"Nej"	"Nej"	"Nej"	"Nej"	"Nej"	"Ja"	"Nej"	"Nej"	"Nej"	"Nej"	"Ja"	"Nej"	"Nej"	"Nej"	"Nej"	"Nej"	"Nej"	"Ja"	"Nej"	"Ja"	"Nej"	"Nej"	"Nej"	"Nej"	"Nej"
65	"Nej"	"Nej"	"Nej"	"Nej"	"Nej"	"Nej"	"Nej"	"Nej"	"Nej"	"Nej"	"Ja"	"Nej"	"Nej"	"Nej"	"Ja"	"Ja"	"Ja"	"Nej"	"Nej"	"Nej"	"Ja"	"Nej"	"Nej"	"Nej"	"Ja"	"Nej"	750	"Ja"	"Nej"	"Nej"	"Ja"	"Nej"	"Nej"	"Nej"	"Nej"	"Nej"	"Ja"	"Nej"	"Nej"	"Nej"	"Nej"	"Ja"	"Nej"	"Nej"	"Nej"	"Ja"	"Nej"	"Nej"	"Nej"	"Ja"	"Nej"	"Nej"	"Ja"	"Nej"	"Nej"	"Nej"	"Nej"	"Ja"	"Nej"	"Nej"	"Nej"	"Nej"	"Nej"	"Ja"	"Nej"	"Ja"	"Nej"	"Nej"	"Nej"	"Nej"	"Nej"	"Nej"	"Ja"	"Nej"	"Nej"	"Nej"	"Ja"	"Nej"	"Nej"	"Nej"	"Nej"	"Nej"	"Nej"	"Ja"	"Nej"	"Nej"	"Nej"	"Ja"	"Nej"	"Nej"	"Nej"	"Nej"	"Nej"	"Ja"	"Nej"	"Nej"	"Nej"	"Nej"	"Nej"	"Nej"	"Ja"	"Nej"
66	"Nej"	"Nej"	"Nej"	"Nej"	"Nej"	"Nej"	"Nej"	"Nej"	"Ja"	"Ja"	"Nej"	"Nej"	"Nej"	"Ja"	"Nej"	"Nej"	"Nej"	"Nej"	"Nej"	"Nej"	"Nej"	"Ja"	"Nej"	"Nej"	"Ja"	"Nej"	1400	"Nej"	"Nej"	"Ja"	"Ja"	"Nej"	"Nej"	"Nej"	"Nej"	"Nej"	"Nej"	"Ja"	"Nej"	"Nej"	"Nej"	"Ja"	"Nej"	"Nej"	"Nej"	"Ja"	"Nej"	"Nej"	"Nej"	"Ja"	NA	NA	NA	NA	NA	"Nej"	"Nej"	"Ja"	"Nej"	"Nej"	"Nej"	"Nej"	"Nej"	"Ja"	"Nej"	"Ja"	"Nej"	"Nej"	"Nej"	"Nej"	"Nej"	"Nej"	"Ja"	"Nej"	"Nej"	"Nej"	"Nej"	"Ja"	"Nej"	"Nej"	"Nej"	"Nej"	"Nej"	"Ja"	"Nej"	"Ja"	"Nej"	"Nej"	"Nej"	"Nej"	"Nej"	"Nej"	"Ja"	"Nej"	"Nej"	"Nej"	"Nej"	"Nej"	"Nej"	"Nej"	"Ja"	"Nej"
67	"Nej"	"Nej"	"Nej"	"Nej"	"Nej"	"Nej"	"Nej"	"Nej"	"Ja"	"Nej"	"Nej"	"Nej"	"Nej"	"Nej"	"Ja"	"Ja"	"Ja"	"Nej"	"Nej"	"Nej"	"Ja"	"Nej"	"Nej"	"Nej"	"Nej"	"Ja"	NA	"Ja"	"Nej"	"Nej"	"Ja"	"Nej"	"Nej"	"Nej"	"Nej"	"Nej"	"Nej"	"Ja"	"Nej"	"Nej"	"Nej"	"Ja"	"Nej"	"Nej"	"Ja"	"Nej"	"Nej"	"Nej"	"Ja"	"Nej"	"Nej"	"Nej"	"Nej"	"Ja"	"Nej"	"Nej"	"Nej"	"Ja"	"Nej"	"Nej"	"Nej"	"Ja"	"Nej"	"Nej"	"Nej"	"Nej"	"Ja"	"Nej"	"Nej"	"Nej"	"Nej"	"Nej"	"Ja"	"Nej"	"Nej"	"Nej"	"Ja"	"Nej"	"Nej"	"Nej"	"Nej"	"Nej"	"Ja"	"Nej"	"Nej"	"Nej"	"Ja"	"Nej"	"Nej"	"Nej"	"Nej"	"Ja"	"Nej"	"Nej"	"Nej"	"Ja"	"Nej"	"Ja"	"Nej"	"Nej"	"Nej"	"Nej"
69	"Nej"	"Nej"	"Nej"	"Nej"	"Nej"	"Nej"	"Nej"	"Nej"	"Ja"	"Ja"	"Nej"	"Ja"	"Nej"	"Nej"	"Ja"	"Ja"	"Ja"	"Nej"	"Nej"	"Nej"	"Nej"	"Ja"	"Nej"	"Nej"	"Ja"	"Nej"	200	"Nej"	"Nej"	"Ja"	"Ja"	"Nej"	"Nej"	"Nej"	"Nej"	"Ja"	"Nej"	"Nej"	"Nej"	"Ja"	"Nej"	"Nej"	"Nej"	"Nej"	"Nej"	"Ja"	"Nej"	"Nej"	"Nej"	"Ja"	"Nej"	"Nej"	"Nej"	"Ja"	"Nej"	"Ja"	"Nej"	"Nej"	"Nej"	"Nej"	"Ja"	"Nej"	"Nej"	"Nej"	"Nej"	"Ja"	"Nej"	"Nej"	"Nej"	"Nej"	"Nej"	"Nej"	"Ja"	"Nej"	"Nej"	"Ja"	"Nej"	"Nej"	"Nej"	"Nej"	"Ja"	"Nej"	"Nej"	"Nej"	"Nej"	"Ja"	"Nej"	"Nej"	"Nej"	"Nej"	"Nej"	"Nej"	"Nej"	"Nej"	"Ja"	"Ja"	"Nej"	"Ja"	"Nej"	"Nej"	"Nej"	"Nej"
70	"Nej"	"Nej"	"Nej"	"Nej"	"Ja"	"Nej"	"Nej"	"Nej"	"Nej"	"Nej"	"Nej"	"Nej"	"Nej"	"Nej"	"Ja"	"Ja"	"Ja"	"Nej"	"Nej"	"Nej"	"Nej"	"Ja"	"Nej"	"Nej"	"Ja"	"Nej"	1130	"Nej"	"Ja"	"Nej"	"Ja"	"Nej"	"Nej"	"Nej"	"Nej"	"Nej"	"Ja"	"Nej"	"Nej"	"Nej"	"Ja"	"Nej"	"Nej"	"Nej"	"Nej"	"Ja"	"Nej"	"Nej"	"Nej"	"Ja"	"Nej"	"Nej"	"Ja"	"Nej"	"Nej"	"Ja"	"Nej"	"Nej"	"Nej"	"Nej"	"Nej"	"Nej"	"Ja"	"Nej"	"Nej"	"Ja"	"Nej"	"Nej"	"Nej"	"Nej"	"Nej"	"Ja"	"Nej"	"Nej"	"Nej"	"Nej"	"Ja"	"Nej"	"Nej"	"Nej"	"Nej"	"Nej"	"Ja"	"Nej"	"Nej"	"Ja"	"Nej"	"Nej"	"Nej"	"Nej"	"Nej"	"Nej"	"Ja"	"Nej"	"Nej"	"Nej"	"Nej"	"Nej"	"Ja"	"Nej"	"Nej"	"Nej"
71	"Nej"	"Nej"	"Nej"	"Nej"	"Ja"	"Ja"	"Ja"	"Ja"	"Nej"	"Nej"	"Nej"	"Nej"	"Nej"	"Nej"	"Ja"	"Nej"	"Nej"	"Nej"	"Nej"	"Nej"	"Ja"	"Nej"	"Nej"	"Nej"	"Ja"	"Nej"	1200	"Nej"	"Nej"	"Ja"	"Ja"	"Nej"	"Nej"	"Nej"	"Nej"	"Nej"	"Ja"	"Nej"	"Nej"	"Nej"	"Nej"	"Ja"	"Nej"	"Nej"	"Nej"	"Ja"	"Nej"	"Nej"	"Nej"	"Ja"	"Nej"	"Nej"	"Nej"	"Ja"	"Nej"	"Ja"	"Nej"	"Nej"	"Nej"	"Nej"	"Nej"	"Nej"	"Nej"	"Ja"	"Nej"	"Ja"	"Nej"	"Nej"	"Nej"	"Nej"	"Nej"	"Nej"	"Ja"	"Nej"	"Nej"	"Nej"	"Ja"	"Nej"	"Nej"	"Nej"	"Nej"	"Nej"	"Nej"	"Ja"	"Nej"	"Nej"	"Ja"	"Nej"	"Nej"	"Nej"	"Nej"	"Nej"	"Nej"	"Nej"	"Ja"	"Ja"	"Nej"	"Nej"	"Ja"	"Nej"	"Nej"	"Nej"
73	"Nej"	"Nej"	"Nej"	"Nej"	"Ja"	"Ja"	"Ja"	"Ja"	"Nej"	"Nej"	"Nej"	"Nej"	"Nej"	NA	NA	NA	NA	"Nej"	"Nej"	"Nej"	"Nej"	"Ja"	"Nej"	"Nej"	"Ja"	"Nej"	750	"Nej"	"Nej"	"Ja"	"Ja"	"Nej"	"Nej"	"Nej"	"Nej"	"Nej"	"Ja"	"Nej"	"Nej"	"Nej"	"Ja"	"Nej"	NA	NA	NA	NA	NA	NA	NA	NA	"Ja"	"Nej"	"Nej"	"Nej"	"Nej"	"Ja"	"Nej"	"Nej"	"Nej"	"Nej"	"Nej"	"Ja"	"Nej"	"Nej"	"Nej"	"Ja"	"Nej"	"Nej"	"Nej"	"Nej"	"Nej"	"Nej"	"Ja"	"Nej"	"Nej"	"Ja"	"Nej"	"Nej"	"Nej"	"Nej"	"Nej"	"Ja"	"Nej"	"Nej"	"Nej"	"Nej"	"Ja"	"Nej"	"Nej"	"Nej"	"Nej"	"Nej"	"Nej"	"Ja"	"Nej"	"Nej"	"Nej"	"Nej"	"Nej"	"Nej"	"Ja"	"Nej"
74	"Nej"	"Nej"	"Nej"	"Nej"	"Ja"	"Nej"	"Nej"	"Nej"	"Nej"	"Nej"	"Nej"	"Nej"	"Nej"	"Nej"	"Nej"	"Nej"	"Ja"	"Nej"	"Nej"	"Nej"	"Nej"	"Ja"	"Nej"	"Nej"	"Ja"	"Nej"	900	"Nej"	"Ja"	"Nej"	"Ja"	"Nej"	"Nej"	"Nej"	"Nej"	"Nej"	"Ja"	"Nej"	"Nej"	"Nej"	"Nej"	"Ja"	"Nej"	"Nej"	"Nej"	"Ja"	"Nej"	"Nej"	"Nej"	"Ja"	"Ja"	"Nej"	"Nej"	"Nej"	"Nej"	"Nej"	"Ja"	"Nej"	"Nej"	"Nej"	"Nej"	"Nej"	"Nej"	"Nej"	"Ja"	"Ja"	"Nej"	"Nej"	"Nej"	"Nej"	"Nej"	"Ja"	"Nej"	"Nej"	"Nej"	"Nej"	"Ja"	"Nej"	"Nej"	"Nej"	"Nej"	"Nej"	"Nej"	"Ja"	"Nej"	"Nej"	"Ja"	"Nej"	"Nej"	"Nej"	"Nej"	"Nej"	"Ja"	"Nej"	"Nej"	"Ja"	"Ja"	"Nej"	"Nej"	"Nej"	"Nej"	"Nej"
75	"Nej"	"Nej"	"Nej"	"Ja"	"Nej"	"Nej"	"Nej"	"Nej"	"Nej"	"Nej"	"Nej"	"Nej"	"Nej"	"Ja"	"Nej"	"Nej"	"Nej"	"Nej"	"Nej"	"Nej"	"Nej"	"Ja"	"Nej"	"Nej"	"Ja"	"Nej"	680	"Nej"	"Ja"	"Nej"	"Ja"	"Nej"	"Nej"	"Nej"	"Nej"	"Nej"	"Nej"	"Ja"	"Nej"	"Nej"	"Nej"	"Ja"	"Nej"	"Nej"	"Nej"	"Ja"	"Nej"	"Nej"	"Nej"	"Ja"	"Nej"	"Nej"	"Ja"	"Nej"	"Nej"	"Nej"	"Ja"	"Nej"	"Nej"	"Nej"	"Nej"	"Nej"	"Ja"	"Nej"	"Nej"	"Ja"	"Nej"	"Nej"	"Nej"	"Nej"	"Nej"	"Nej"	"Nej"	"Ja"	"Nej"	"Nej"	"Ja"	"Nej"	"Nej"	"Nej"	"Nej"	"Nej"	"Nej"	"Ja"	"Nej"	"Nej"	"Ja"	"Nej"	"Nej"	"Nej"	"Nej"	"Nej"	"Nej"	"Ja"	"Nej"	"Ja"	"Nej"	"Ja"	"Nej"	"Nej"	"Nej"	"Nej"
77	"Ja"	"Nej"	"Nej"	"Ja"	"Nej"	"Nej"	"Nej"	"Nej"	"Nej"	"Nej"	"Nej"	"Nej"	"Nej"	"Nej"	"Ja"	"Ja"	"Ja"	"Nej"	"Nej"	"Nej"	"Nej"	"Ja"	"Nej"	"Nej"	"Ja"	"Nej"	725	"Nej"	"Nej"	"Ja"	"Nej"	"Ja"	"Nej"	"Nej"	"Nej"	"Nej"	"Ja"	"Nej"	"Nej"	"Nej"	"Nej"	"Ja"	"Nej"	"Nej"	"Nej"	"Ja"	"Nej"	"Nej"	"Nej"	"Ja"	"Nej"	"Nej"	"Ja"	"Nej"	"Nej"	"Nej"	"Nej"	"Ja"	"Nej"	"Nej"	"Nej"	"Ja"	"Nej"	"Nej"	"Nej"	"Ja"	"Nej"	"Nej"	"Nej"	"Nej"	"Nej"	"Nej"	"Ja"	"Nej"	"Nej"	"Nej"	"Ja"	"Nej"	"Nej"	"Nej"	"Nej"	"Nej"	"Nej"	"Ja"	"Nej"	"Nej"	"Nej"	"Ja"	"Nej"	"Nej"	"Nej"	"Nej"	"Nej"	"Ja"	"Nej"	"Ja"	"Nej"	"Nej"	"Ja"	"Nej"	"Nej"	"Nej"
78	"Nej"	"Ja"	"Ja"	"Nej"	"Nej"	"Nej"	"Nej"	"Nej"	"Nej"	"Nej"	"Nej"	"Nej"	"Nej"	"Nej"	"Ja"	"Nej"	"Nej"	"Nej"	"Nej"	"Nej"	"Nej"	"Ja"	"Nej"	"Nej"	"Ja"	"Nej"	900	"Nej"	"Nej"	"Ja"	"Nej"	"Ja"	"Nej"	"Nej"	"Nej"	"Ja"	"Nej"	"Nej"	"Nej"	"Nej"	"Nej"	"Ja"	"Nej"	"Nej"	"Nej"	"Ja"	"Nej"	"Nej"	"Nej"	"Ja"	"Nej"	"Nej"	"Nej"	"Ja"	"Nej"	"Ja"	"Nej"	"Nej"	"Nej"	"Nej"	"Nej"	"Nej"	"Ja"	"Nej"	"Nej"	"Nej"	"Ja"	"Nej"	"Nej"	"Nej"	"Nej"	"Nej"	"Ja"	"Nej"	"Nej"	"Nej"	"Ja"	"Nej"	"Nej"	"Nej"	"Nej"	"Nej"	"Nej"	"Ja"	"Nej"	"Ja"	"Nej"	"Nej"	"Nej"	"Nej"	"Nej"	"Nej"	"Nej"	"Ja"	"Nej"	"Ja"	"Nej"	"Nej"	"Ja"	"Nej"	"Nej"	"Nej"
80	"Nej"	"Nej"	"Nej"	"Nej"	"Nej"	"Nej"	"Nej"	"Nej"	"Ja"	"Ja"	"Nej"	"Nej"	"Nej"	"Nej"	"Ja"	"Nej"	"Nej"	"Nej"	"Nej"	"Nej"	"Nej"	"Ja"	"Nej"	"Nej"	"Ja"	"Nej"	750	"Nej"	"Ja"	"Nej"	"Ja"	"Nej"	"Nej"	"Nej"	"Nej"	"Nej"	"Nej"	"Ja"	"Nej"	"Nej"	"Nej"	"Ja"	"Nej"	"Nej"	"Nej"	"Ja"	"Nej"	"Nej"	"Nej"	"Ja"	"Nej"	"Nej"	"Nej"	"Ja"	"Nej"	"Ja"	"Nej"	"Nej"	"Nej"	"Nej"	"Nej"	"Nej"	"Nej"	"Nej"	"Ja"	"Ja"	"Nej"	"Nej"	"Nej"	"Nej"	"Nej"	"Nej"	"Nej"	"Ja"	"Nej"	"Ja"	"Nej"	"Nej"	"Nej"	"Nej"	"Nej"	"Nej"	"Nej"	"Nej"	"Ja"	"Ja"	"Nej"	"Nej"	"Nej"	"Nej"	"Nej"	"Nej"	"Ja"	"Nej"	"Nej"	"Nej"	"Nej"	"Nej"	"Ja"	"Nej"	"Nej"	"Nej"
81	"Nej"	"Nej"	"Nej"	"Nej"	"Ja"	"Nej"	"Nej"	"Ja"	"Nej"	"Nej"	"Nej"	"Nej"	"Nej"	"Nej"	"Nej"	"Ja"	"Ja"	"Nej"	"Nej"	"Nej"	"Ja"	"Nej"	"Nej"	"Nej"	"Ja"	"Nej"	700	"Ja"	"Nej"	"Nej"	"Ja"	"Nej"	"Nej"	"Nej"	"Nej"	"Ja"	"Nej"	"Nej"	"Nej"	"Ja"	"Nej"	"Nej"	"Nej"	"Nej"	"Nej"	"Ja"	"Nej"	"Nej"	"Nej"	"Ja"	"Nej"	"Nej"	"Ja"	"Nej"	"Nej"	"Nej"	"Ja"	"Nej"	"Nej"	"Nej"	"Nej"	"Ja"	"Nej"	"Nej"	"Nej"	"Ja"	"Nej"	"Nej"	"Nej"	"Nej"	"Nej"	"Ja"	"Nej"	"Nej"	"Nej"	"Ja"	"Nej"	"Nej"	"Nej"	"Nej"	"Nej"	"Nej"	"Ja"	"Nej"	"Nej"	"Ja"	"Nej"	"Nej"	"Nej"	"Nej"	"Nej"	"Nej"	"Nej"	"Ja"	"Nej"	"Ja"	"Nej"	"Nej"	"Nej"	"Ja"	"Nej"	"Nej"
83	"Ja"	"Nej"	"Nej"	"Nej"	"Nej"	"Nej"	"Nej"	"Nej"	"Nej"	"Nej"	"Nej"	"Nej"	"Nej"	"Nej"	"Ja"	"Ja"	"Ja"	"Nej"	"Nej"	"Nej"	"Nej"	"Ja"	"Nej"	"Nej"	"Ja"	"Nej"	1600	"Nej"	"Ja"	"Nej"	"Ja"	"Nej"	"Nej"	"Nej"	"Nej"	"Ja"	"Nej"	"Nej"	"Nej"	"Nej"	"Ja"	"Nej"	"Nej"	"Nej"	"Nej"	"Ja"	"Nej"	"Nej"	"Nej"	"Ja"	"Nej"	"Nej"	"Ja"	"Nej"	"Nej"	"Nej"	"Ja"	"Nej"	"Nej"	"Nej"	"Nej"	"Nej"	"Ja"	"Nej"	"Nej"	"Ja"	"Nej"	"Nej"	"Nej"	"Nej"	"Nej"	"Nej"	"Ja"	"Nej"	"Nej"	"Nej"	"Ja"	"Nej"	"Nej"	"Nej"	"Nej"	"Nej"	"Nej"	"Ja"	"Nej"	"Nej"	"Ja"	"Nej"	"Nej"	"Nej"	"Nej"	"Nej"	"Ja"	"Nej"	"Nej"	"Ja"	"Nej"	"Ja"	"Nej"	"Nej"	"Nej"	"Nej"
84	"Ja"	"Nej"	"Nej"	"Nej"	"Nej"	"Nej"	"Nej"	"Nej"	"Nej"	"Nej"	"Nej"	"Nej"	"Nej"	"Ja"	"Nej"	"Nej"	"Nej"	"Nej"	"Nej"	"Nej"	"Ja"	"Nej"	"Nej"	"Nej"	"Ja"	"Nej"	680	"Nej"	"Ja"	"Nej"	"Nej"	"Ja"	"Nej"	"Nej"	"Nej"	"Ja"	"Nej"	"Nej"	"Nej"	"Nej"	"Ja"	"Nej"	"Nej"	"Nej"	"Nej"	"Ja"	"Nej"	"Nej"	"Nej"	"Ja"	"Nej"	"Nej"	"Ja"	"Nej"	"Nej"	"Nej"	"Nej"	"Ja"	"Nej"	"Nej"	"Nej"	"Nej"	"Ja"	"Nej"	"Nej"	"Nej"	"Nej"	"Ja"	"Nej"	"Nej"	"Nej"	"Ja"	"Nej"	"Nej"	"Nej"	"Nej"	"Ja"	"Nej"	"Nej"	"Nej"	"Nej"	"Ja"	"Nej"	"Nej"	"Nej"	"Nej"	"Ja"	"Nej"	"Nej"	"Nej"	"Nej"	"Ja"	"Nej"	"Nej"	"Nej"	"Nej"	"Nej"	"Nej"	"Nej"	"Ja"	"Nej"	"Nej"
86	"Nej"	"Nej"	"Nej"	"Nej"	"Nej"	"Nej"	"Nej"	"Nej"	"Nej"	"Nej"	"Ja"	"Nej"	"Nej"	"Ja"	"Nej"	"Nej"	"Nej"	"Nej"	"Nej"	"Nej"	"Nej"	"Ja"	"Nej"	"Nej"	"Ja"	"Nej"	1400	"Nej"	"Nej"	"Ja"	"Nej"	"Ja"	"Nej"	"Nej"	"Nej"	"Nej"	"Ja"	"Nej"	"Nej"	"Nej"	"Ja"	"Nej"	"Nej"	"Nej"	"Ja"	"Nej"	"Nej"	"Nej"	"Ja"	"Nej"	"Nej"	"Nej"	"Nej"	"Ja"	"Nej"	"Ja"	"Nej"	"Nej"	"Nej"	"Nej"	"Nej"	"Nej"	"Nej"	"Ja"	"Nej"	"Nej"	"Ja"	"Nej"	"Nej"	"Nej"	"Nej"	"Ja"	"Nej"	"Nej"	"Nej"	"Ja"	"Nej"	"Nej"	"Nej"	"Nej"	"Nej"	"Nej"	"Nej"	"Ja"	"Nej"	"Nej"	"Ja"	"Nej"	"Nej"	"Nej"	"Nej"	"Nej"	"Ja"	"Nej"	"Nej"	"Nej"	"Nej"	"Nej"	"Ja"	"Nej"	"Nej"	"Nej"
87	"Nej"	"Nej"	"Nej"	"Nej"	"Ja"	"Ja"	"Ja"	"Nej"	"Nej"	"Nej"	"Nej"	"Nej"	"Nej"	"Nej"	"Nej"	"Nej"	"Ja"	"Nej"	"Nej"	"Nej"	"Ja"	"Nej"	"Nej"	"Nej"	"Ja"	"Nej"	0	"Ja"	"Nej"	"Nej"	"Nej"	"Nej"	"Nej"	"Ja"	"Nej"	"Nej"	"Ja"	"Nej"	"Nej"	"Ja"	"Nej"	"Nej"	"Nej"	"Ja"	"Nej"	"Nej"	"Nej"	"Ja"	"Nej"	"Nej"	"Nej"	"Nej"	"Ja"	"Nej"	"Nej"	"Nej"	"Ja"	"Nej"	"Nej"	"Nej"	"Nej"	"Ja"	"Nej"	"Nej"	"Nej"	"Nej"	"Ja"	"Nej"	"Nej"	"Nej"	"Nej"	"Nej"	"Ja"	"Nej"	"Nej"	"Nej"	"Nej"	"Ja"	"Nej"	"Nej"	"Nej"	"Ja"	"Nej"	"Nej"	"Nej"	"Nej"	"Ja"	"Nej"	"Nej"	"Nej"	"Nej"	"Nej"	"Nej"	"Ja"	"Nej"	"Ja"	"Nej"	"Nej"	"Nej"	"Ja"	"Nej"	"Nej"
88	"Nej"	"Nej"	"Nej"	"Nej"	"Ja"	"Nej"	"Nej"	"Nej"	"Nej"	"Nej"	"Nej"	"Nej"	"Nej"	"Nej"	"Ja"	"Ja"	"Ja"	"Nej"	"Nej"	"Ja"	"Nej"	"Nej"	"Nej"	"Nej"	"Ja"	"Nej"	0	"Ja"	"Nej"	"Nej"	"Nej"	"Nej"	"Ja"	"Nej"	"Nej"	"Nej"	"Ja"	"Nej"	"Nej"	"Ja"	"Nej"	"Nej"	"Nej"	"Ja"	"Nej"	"Nej"	"Nej"	"Ja"	"Nej"	"Nej"	"Nej"	"Nej"	"Ja"	"Nej"	"Nej"	"Nej"	"Nej"	"Ja"	"Nej"	"Nej"	"Nej"	"Ja"	"Nej"	"Nej"	"Nej"	"Nej"	"Nej"	"Ja"	"Nej"	"Nej"	"Nej"	"Ja"	"Nej"	"Nej"	"Nej"	"Nej"	"Nej"	"Ja"	"Nej"	"Nej"	"Nej"	"Nej"	"Ja"	"Nej"	"Nej"	"Nej"	"Nej"	"Ja"	"Nej"	"Nej"	"Nej"	"Nej"	"Nej"	"Ja"	"Nej"	"Ja"	"Nej"	"Nej"	"Nej"	"Nej"	"Ja"	"Nej"
91	"Nej"	"Nej"	"Nej"	"Nej"	"Ja"	"Ja"	"Nej"	"Ja"	"Nej"	"Nej"	"Nej"	"Nej"	"Nej"	"Ja"	"Nej"	"Nej"	"Nej"	"Nej"	"Nej"	"Nej"	"Ja"	"Nej"	"Nej"	"Nej"	"Ja"	"Nej"	300	"Ja"	"Nej"	"Nej"	"Nej"	"Nej"	"Ja"	"Nej"	"Nej"	"Ja"	"Nej"	"Nej"	"Nej"	"Ja"	"Nej"	"Nej"	"Ja"	"Nej"	"Nej"	"Nej"	"Nej"	"Ja"	"Nej"	"Nej"	"Nej"	"Nej"	"Ja"	"Nej"	"Nej"	"Nej"	"Nej"	"Ja"	"Nej"	"Nej"	"Nej"	"Nej"	"Ja"	"Nej"	"Nej"	"Nej"	"Nej"	"Ja"	"Nej"	"Nej"	"Nej"	"Ja"	"Nej"	"Nej"	"Nej"	"Nej"	"Nej"	"Ja"	"Nej"	"Nej"	"Nej"	"Nej"	"Ja"	"Nej"	"Nej"	"Nej"	"Nej"	"Ja"	"Nej"	"Nej"	"Nej"	"Nej"	"Ja"	"Nej"	"Nej"	"Ja"	"Nej"	"Nej"	"Ja"	"Nej"	"Nej"	"Nej"
92	"Nej"	"Nej"	"Nej"	"Nej"	"Nej"	"Nej"	"Nej"	"Nej"	"Ja"	"Nej"	"Nej"	"Nej"	"Nej"	"Nej"	"Nej"	"Nej"	"Ja"	"Nej"	"Nej"	"Nej"	"Nej"	"Nej"	"Ja"	"Nej"	"Ja"	"Nej"	0	"Nej"	"Nej"	"Ja"	"Ja"	"Nej"	"Nej"	"Nej"	"Nej"	"Ja"	"Nej"	"Nej"	"Nej"	"Nej"	"Ja"	"Nej"	"Nej"	"Nej"	"Ja"	"Nej"	"Nej"	"Nej"	"Ja"	"Nej"	"Nej"	"Nej"	"Nej"	"Ja"	"Nej"	"Ja"	"Nej"	"Nej"	"Nej"	"Nej"	"Nej"	"Nej"	"Nej"	"Ja"	"Nej"	"Nej"	"Ja"	"Nej"	"Nej"	"Nej"	"Nej"	"Nej"	"Ja"	"Nej"	"Nej"	"Nej"	"Ja"	"Nej"	"Nej"	"Nej"	"Nej"	"Nej"	"Nej"	"Ja"	"Nej"	"Nej"	"Ja"	"Nej"	"Nej"	"Nej"	"Ja"	"Nej"	"Nej"	"Nej"	"Nej"	"Nej"	"Nej"	"Nej"	"Nej"	"Nej"	"Nej"	"Ja"
94	"Nej"	"Nej"	"Nej"	"Nej"	"Nej"	"Nej"	"Nej"	"Nej"	"Nej"	"Nej"	"Nej"	"Nej"	"Ja"	"Ja"	"Nej"	"Nej"	"Nej"	"Nej"	"Nej"	"Nej"	"Nej"	"Ja"	"Nej"	"Nej"	"Ja"	"Nej"	1400	"Nej"	"Ja"	"Nej"	"Nej"	"Ja"	"Nej"	"Nej"	"Nej"	"Nej"	"Ja"	"Nej"	"Nej"	"Nej"	"Nej"	"Ja"	"Nej"	"Nej"	"Nej"	"Ja"	"Nej"	"Nej"	"Nej"	"Ja"	"Nej"	"Nej"	"Nej"	"Nej"	"Ja"	"Ja"	"Nej"	"Nej"	"Nej"	"Nej"	"Nej"	"Nej"	"Nej"	"Nej"	"Ja"	"Ja"	"Nej"	"Nej"	"Nej"	"Nej"	"Nej"	"Nej"	"Nej"	"Nej"	"Ja"	"Nej"	"Nej"	"Nej"	"Nej"	"Ja"	"Nej"	"Nej"	"Nej"	"Nej"	"Ja"	"Ja"	"Nej"	"Nej"	"Nej"	"Nej"	"Nej"	"Nej"	"Ja"	"Nej"	"Nej"	"Nej"	"Nej"	"Nej"	"Ja"	"Nej"	"Nej"	"Nej"
95	"Nej"	"Nej"	"Nej"	"Nej"	"Nej"	"Nej"	"Nej"	"Nej"	"Nej"	"Nej"	"Nej"	"Nej"	"Ja"	"Nej"	"Ja"	"Ja"	"Ja"	"Nej"	"Nej"	"Nej"	"Nej"	"Ja"	"Nej"	"Nej"	"Ja"	"Nej"	950	"Nej"	"Nej"	"Ja"	"Ja"	"Nej"	"Nej"	"Nej"	"Nej"	"Ja"	"Nej"	"Nej"	"Nej"	"Ja"	"Nej"	"Nej"	"Nej"	"Nej"	"Nej"	"Ja"	"Nej"	"Nej"	"Nej"	"Ja"	"Nej"	"Nej"	"Ja"	"Nej"	"Nej"	"Ja"	"Nej"	"Nej"	"Nej"	"Nej"	"Nej"	"Ja"	"Nej"	"Nej"	"Nej"	"Nej"	"Ja"	"Nej"	"Nej"	"Nej"	"Nej"	"Nej"	"Ja"	"Nej"	"Nej"	"Nej"	"Ja"	"Nej"	"Nej"	"Nej"	"Nej"	"Nej"	"Nej"	"Ja"	"Nej"	"Nej"	"Nej"	"Nej"	"Ja"	"Nej"	"Nej"	"Ja"	"Nej"	"Nej"	"Nej"	"Nej"	"Nej"	"Ja"	"Nej"	"Nej"	"Nej"	"Nej"
98	"Nej"	"Nej"	"Ja"	"Nej"	"Nej"	"Nej"	"Nej"	"Nej"	"Nej"	"Nej"	"Nej"	"Nej"	"Nej"	"Nej"	"Nej"	"Nej"	"Ja"	"Nej"	"Nej"	"Nej"	"Nej"	"Ja"	"Nej"	"Nej"	"Ja"	"Nej"	600	"Ja"	"Nej"	"Nej"	"Nej"	"Ja"	"Nej"	"Nej"	"Nej"	"Ja"	"Nej"	"Nej"	"Nej"	"Ja"	"Nej"	"Nej"	"Nej"	"Ja"	"Nej"	"Nej"	"Nej"	"Nej"	"Nej"	"Ja"	"Nej"	"Nej"	"Ja"	"Nej"	"Nej"	"Nej"	"Nej"	"Ja"	"Nej"	"Nej"	"Nej"	"Ja"	"Nej"	"Nej"	"Nej"	"Nej"	"Ja"	"Nej"	"Nej"	"Nej"	"Nej"	"Ja"	"Nej"	"Nej"	"Nej"	"Nej"	"Ja"	"Nej"	"Nej"	"Nej"	"Nej"	"Nej"	"Ja"	"Nej"	"Nej"	"Nej"	"Ja"	"Nej"	"Nej"	"Nej"	"Nej"	"Ja"	"Nej"	"Nej"	"Nej"	"Nej"	"Nej"	"Nej"	"Nej"	"Ja"	"Nej"	"Nej"
99	"Nej"	"Nej"	"Nej"	"Nej"	"Nej"	"Nej"	"Nej"	"Nej"	"Ja"	"Nej"	"Nej"	"Nej"	"Nej"	"Ja"	"Nej"	"Nej"	"Nej"	"Nej"	"Nej"	"Nej"	"Nej"	"Ja"	"Nej"	"Nej"	"Ja"	"Nej"	300	"Ja"	"Nej"	"Nej"	"Nej"	"Ja"	"Nej"	"Nej"	"Nej"	"Ja"	"Nej"	"Nej"	"Nej"	"Nej"	"Ja"	"Nej"	"Nej"	"Nej"	"Nej"	"Ja"	"Nej"	"Nej"	"Nej"	"Ja"	"Nej"	"Nej"	"Ja"	"Nej"	"Nej"	"Nej"	"Ja"	"Nej"	"Nej"	"Nej"	"Nej"	"Ja"	"Nej"	"Nej"	"Nej"	"Ja"	"Nej"	"Nej"	"Nej"	"Nej"	"Nej"	"Nej"	"Ja"	"Nej"	"Nej"	"Nej"	"Nej"	"Ja"	"Nej"	"Nej"	"Nej"	"Nej"	"Nej"	"Ja"	"Nej"	"Nej"	"Ja"	"Nej"	"Nej"	"Nej"	"Nej"	"Nej"	"Ja"	"Nej"	"Nej"	"Ja"	"Nej"	"Nej"	"Ja"	"Nej"	"Nej"	"Nej"
100	"Nej"	"Nej"	"Nej"	"Ja"	"Nej"	"Nej"	"Nej"	"Nej"	"Nej"	"Nej"	"Nej"	"Nej"	"Nej"	"Ja"	"Nej"	"Nej"	"Nej"	"Nej"	"Nej"	"Nej"	"Ja"	"Nej"	"Nej"	"Nej"	"Ja"	"Nej"	650	"Nej"	"Nej"	"Ja"	"Ja"	"Nej"	"Nej"	"Nej"	"Nej"	"Nej"	"Ja"	"Nej"	"Nej"	"Nej"	"Nej"	"Ja"	"Nej"	"Nej"	"Nej"	"Ja"	"Nej"	"Nej"	"Nej"	"Ja"	"Nej"	"Nej"	"Ja"	"Nej"	"Nej"	"Ja"	"Nej"	"Nej"	"Nej"	"Nej"	"Nej"	"Nej"	"Nej"	"Nej"	"Ja"	"Ja"	"Nej"	"Nej"	"Nej"	"Nej"	"Nej"	"Nej"	"Nej"	"Nej"	"Ja"	"Ja"	"Nej"	"Nej"	"Nej"	"Nej"	"Nej"	"Nej"	"Nej"	"Ja"	"Nej"	"Ja"	"Nej"	"Nej"	"Nej"	"Nej"	"Nej"	"Ja"	"Nej"	"Nej"	"Nej"	"Nej"	"Nej"	"Nej"	"Nej"	"Nej"	"Ja"	"Nej"
101	"Nej"	"Nej"	"Nej"	"Nej"	"Nej"	"Nej"	"Nej"	"Nej"	"Ja"	"Nej"	"Nej"	"Nej"	"Nej"	"Nej"	"Ja"	"Ja"	"Ja"	"Nej"	"Nej"	"Nej"	"Ja"	"Nej"	"Nej"	"Nej"	"Ja"	"Nej"	0	"Ja"	"Nej"	"Nej"	"Nej"	"Nej"	"Ja"	"Nej"	"Nej"	"Nej"	"Ja"	"Nej"	"Nej"	"Nej"	"Ja"	"Nej"	"Ja"	"Nej"	"Nej"	"Nej"	"Nej"	"Ja"	"Nej"	"Nej"	"Ja"	"Nej"	"Nej"	"Nej"	"Nej"	"Ja"	"Nej"	"Nej"	"Nej"	"Nej"	"Ja"	"Nej"	"Nej"	"Nej"	"Nej"	"Ja"	"Nej"	"Nej"	"Nej"	"Nej"	"Ja"	"Nej"	"Nej"	"Nej"	"Nej"	"Ja"	"Nej"	"Nej"	"Nej"	"Nej"	"Ja"	"Nej"	"Nej"	"Nej"	"Nej"	"Ja"	"Nej"	"Nej"	"Nej"	"Nej"	"Nej"	"Nej"	"Nej"	"Ja"	"Nej"	"Ja"	"Nej"	"Nej"	"Nej"	"Nej"	"Nej"	"Ja"
103	"Nej"	"Nej"	"Nej"	"Nej"	"Nej"	"Nej"	"Nej"	"Nej"	"Ja"	"Nej"	"Nej"	"Nej"	"Nej"	"Ja"	"Nej"	"Nej"	"Nej"	"Nej"	"Nej"	"Nej"	"Nej"	"Ja"	"Nej"	"Nej"	"Ja"	"Nej"	850	"Nej"	"Nej"	"Ja"	"Nej"	"Ja"	"Nej"	"Nej"	"Nej"	"Ja"	"Nej"	"Nej"	"Nej"	"Nej"	"Ja"	"Nej"	"Nej"	"Nej"	"Ja"	"Nej"	"Nej"	"Nej"	"Nej"	"Ja"	"Nej"	"Nej"	"Nej"	"Ja"	"Nej"	"Nej"	"Ja"	"Nej"	"Nej"	"Nej"	"Nej"	"Nej"	"Nej"	"Ja"	"Nej"	"Ja"	"Nej"	"Nej"	"Nej"	"Nej"	"Nej"	"Nej"	"Ja"	"Nej"	"Nej"	"Nej"	"Ja"	"Nej"	"Nej"	"Nej"	"Nej"	"Nej"	"Nej"	"Ja"	"Nej"	"Nej"	"Ja"	"Nej"	"Nej"	"Nej"	"Nej"	"Nej"	"Nej"	"Ja"	"Nej"	"Nej"	"Nej"	"Ja"	"Nej"	"Nej"	"Nej"	"Nej"
105	"Ja"	"Nej"	"Nej"	"Nej"	"Nej"	"Nej"	"Nej"	"Nej"	"Nej"	"Nej"	"Nej"	"Nej"	"Nej"	"Nej"	"Nej"	"Ja"	"Nej"	"Nej"	"Nej"	"Nej"	"Ja"	"Nej"	"Nej"	"Nej"	"Ja"	"Nej"	700	"Nej"	"Ja"	"Nej"	"Ja"	"Nej"	"Nej"	"Nej"	"Nej"	"Nej"	"Ja"	"Nej"	"Nej"	"Nej"	"Ja"	"Nej"	"Nej"	"Nej"	"Nej"	"Ja"	"Nej"	"Nej"	"Nej"	"Ja"	"Nej"	"Nej"	"Ja"	"Nej"	"Nej"	"Nej"	"Nej"	"Ja"	"Nej"	"Nej"	"Nej"	"Nej"	"Ja"	"Nej"	"Nej"	"Nej"	"Nej"	"Ja"	"Nej"	"Nej"	"Nej"	"Nej"	"Ja"	"Nej"	"Nej"	"Nej"	"Nej"	"Ja"	"Nej"	"Nej"	"Nej"	"Nej"	"Ja"	"Nej"	"Nej"	"Nej"	"Nej"	"Ja"	"Nej"	"Nej"	"Nej"	"Nej"	"Ja"	"Nej"	"Nej"	"Ja"	"Nej"	"Nej"	"Nej"	"Ja"	"Nej"	"Nej"
107	"Nej"	"Nej"	"Nej"	"Nej"	"Ja"	"Nej"	"Nej"	"Nej"	"Nej"	"Nej"	"Nej"	"Nej"	"Nej"	"Nej"	"Ja"	"Nej"	"Nej"	"Nej"	"Nej"	"Nej"	"Ja"	"Nej"	"Nej"	"Nej"	"Ja"	"Nej"	0	"Nej"	"Ja"	"Nej"	"Nej"	"Nej"	"Ja"	"Nej"	"Nej"	"Ja"	"Nej"	"Nej"	"Nej"	"Ja"	"Nej"	"Nej"	"Nej"	"Ja"	"Nej"	"Nej"	"Nej"	"Ja"	"Nej"	"Nej"	"Nej"	"Nej"	"Ja"	"Nej"	"Nej"	"Nej"	"Nej"	"Ja"	"Nej"	"Nej"	"Nej"	"Ja"	"Nej"	"Nej"	"Nej"	"Nej"	"Nej"	"Ja"	"Nej"	"Nej"	"Nej"	"Nej"	"Ja"	"Nej"	"Nej"	"Nej"	"Ja"	"Nej"	"Nej"	"Nej"	"Nej"	"Nej"	"Nej"	"Ja"	"Nej"	"Nej"	"Ja"	"Nej"	"Nej"	"Nej"	"Nej"	"Nej"	"Nej"	"Nej"	"Ja"	"Ja"	"Nej"	"Nej"	"Ja"	"Nej"	"Nej"	"Nej"
111	"Ja"	"Nej"	"Nej"	"Ja"	"Nej"	"Nej"	"Nej"	"Nej"	"Nej"	"Nej"	"Nej"	"Nej"	"Nej"	"Nej"	"Ja"	"Nej"	"Nej"	"Nej"	"Nej"	"Ja"	"Nej"	"Nej"	"Nej"	"Nej"	"Ja"	"Nej"	500	"Nej"	"Nej"	"Ja"	"Ja"	"Nej"	"Nej"	"Nej"	"Nej"	"Nej"	"Ja"	"Nej"	"Nej"	"Nej"	"Ja"	"Nej"	"Nej"	"Nej"	"Ja"	"Nej"	"Nej"	"Nej"	"Nej"	"Ja"	"Nej"	"Nej"	"Nej"	"Nej"	"Ja"	"Nej"	"Nej"	"Nej"	"Nej"	"Ja"	"Nej"	"Nej"	"Nej"	"Nej"	"Ja"	"Ja"	"Nej"	"Nej"	"Nej"	"Nej"	"Nej"	"Nej"	"Nej"	"Nej"	"Ja"	"Ja"	"Nej"	"Nej"	"Nej"	"Nej"	"Nej"	"Nej"	"Nej"	"Nej"	"Ja"	"Ja"	"Nej"	"Nej"	"Nej"	"Nej"	"Nej"	"Nej"	"Ja"	"Nej"	"Nej"	"Nej"	"Nej"	"Nej"	"Ja"	"Nej"	"Nej"	"Nej"
113	"Nej"	"Nej"	"Nej"	"Nej"	"Nej"	"Nej"	"Nej"	"Nej"	"Nej"	"Nej"	"Ja"	"Nej"	"Nej"	"Ja"	"Nej"	"Nej"	"Nej"	"Nej"	"Nej"	"Ja"	"Nej"	"Nej"	"Nej"	"Nej"	"Ja"	"Nej"	725	"Nej"	"Nej"	"Ja"	"Nej"	"Ja"	"Nej"	"Nej"	"Nej"	"Nej"	"Ja"	"Nej"	"Nej"	"Ja"	"Nej"	"Nej"	"Nej"	"Ja"	"Nej"	"Nej"	"Nej"	"Nej"	"Nej"	"Ja"	"Nej"	"Nej"	"Ja"	"Nej"	"Nej"	"Nej"	"Ja"	"Nej"	"Nej"	"Nej"	"Nej"	"Ja"	"Nej"	"Nej"	"Nej"	"Nej"	"Ja"	"Nej"	"Nej"	"Nej"	"Nej"	"Nej"	"Ja"	"Nej"	"Nej"	"Nej"	"Ja"	"Nej"	"Nej"	"Nej"	"Nej"	"Nej"	"Ja"	"Nej"	"Nej"	"Nej"	"Nej"	"Ja"	"Nej"	"Nej"	"Nej"	"Nej"	"Nej"	"Ja"	"Nej"	NA	"Nej"	"Nej"	"Nej"	"Ja"	"Nej"	"Nej"
118	"Ja"	"Nej"	"Nej"	"Nej"	"Nej"	"Nej"	"Nej"	"Nej"	"Nej"	"Nej"	"Nej"	"Nej"	"Nej"	"Nej"	"Ja"	"Nej"	"Nej"	"Nej"	"Nej"	"Nej"	"Nej"	"Ja"	"Nej"	"Nej"	"Ja"	"Nej"	700	"Nej"	"Nej"	"Ja"	"Nej"	"Ja"	"Nej"	"Nej"	"Nej"	"Nej"	"Ja"	"Nej"	"Nej"	"Nej"	"Nej"	"Ja"	"Nej"	"Nej"	"Ja"	"Nej"	"Nej"	"Nej"	"Nej"	"Ja"	"Nej"	"Nej"	"Ja"	"Nej"	"Nej"	"Nej"	"Ja"	"Nej"	"Nej"	"Nej"	"Nej"	"Ja"	"Nej"	"Nej"	"Nej"	"Nej"	"Ja"	"Nej"	"Nej"	"Nej"	"Nej"	"Nej"	"Ja"	"Nej"	"Nej"	"Nej"	"Ja"	"Nej"	"Nej"	"Nej"	"Nej"	"Ja"	"Nej"	"Nej"	"Nej"	"Ja"	"Nej"	"Nej"	"Nej"	"Nej"	"Nej"	"Nej"	"Nej"	"Ja"	"Nej"	"Ja"	"Nej"	"Nej"	"Nej"	"Ja"	"Nej"	"Nej"
120	"Nej"	"Nej"	"Nej"	"Nej"	"Ja"	"Ja"	"Ja"	"Nej"	"Nej"	"Nej"	"Nej"	"Nej"	"Nej"	"Nej"	"Ja"	"Nej"	"Nej"	"Nej"	"Nej"	"Nej"	"Nej"	"Ja"	"Nej"	"Nej"	"Ja"	"Nej"	400	"Nej"	"Nej"	"Ja"	"Ja"	"Nej"	"Nej"	"Nej"	"Nej"	"Nej"	"Ja"	"Nej"	"Nej"	"Nej"	"Nej"	"Ja"	"Nej"	"Nej"	"Nej"	"Ja"	"Nej"	"Nej"	"Nej"	"Ja"	"Nej"	"Nej"	"Ja"	"Nej"	"Nej"	"Nej"	"Ja"	"Nej"	"Nej"	"Nej"	"Ja"	"Nej"	"Nej"	"Nej"	"Nej"	"Nej"	"Nej"	"Ja"	"Nej"	"Nej"	"Nej"	"Nej"	"Ja"	"Nej"	"Nej"	"Nej"	"Nej"	"Ja"	"Nej"	"Nej"	"Nej"	"Nej"	"Ja"	"Nej"	"Nej"	"Nej"	"Ja"	"Nej"	"Nej"	"Nej"	"Nej"	"Nej"	"Nej"	"Ja"	"Nej"	"Ja"	"Nej"	"Ja"	"Nej"	"Nej"	"Nej"	"Nej"
122	"Ja"	"Nej"	"Nej"	"Nej"	"Nej"	"Nej"	"Nej"	"Nej"	"Nej"	"Nej"	"Nej"	"Nej"	"Nej"	"Ja"	"Nej"	"Nej"	"Nej"	"Nej"	"Nej"	"Nej"	"Nej"	"Ja"	"Nej"	"Nej"	"Ja"	"Nej"	625	"Nej"	"Nej"	"Ja"	"Nej"	"Ja"	"Nej"	"Nej"	"Nej"	"Nej"	"Ja"	"Nej"	"Nej"	"Nej"	"Nej"	"Ja"	"Nej"	"Nej"	"Nej"	"Ja"	"Nej"	"Nej"	"Nej"	"Ja"	"Nej"	"Ja"	"Nej"	"Nej"	"Nej"	"Nej"	"Ja"	"Nej"	"Nej"	"Nej"	"Nej"	"Nej"	"Ja"	"Nej"	"Nej"	"Nej"	"Ja"	"Nej"	"Nej"	"Nej"	"Nej"	"Nej"	"Ja"	"Nej"	"Nej"	"Nej"	"Ja"	"Nej"	"Nej"	"Nej"	"Nej"	"Nej"	"Ja"	"Nej"	"Nej"	"Nej"	"Ja"	"Nej"	"Nej"	"Nej"	"Nej"	"Nej"	"Ja"	"Nej"	"Nej"	"Ja"	"Nej"	"Nej"	"Nej"	"Nej"	"Ja"	"Nej"
126	"Nej"	"Nej"	"Nej"	"Nej"	"Ja"	"Ja"	"Ja"	"Nej"	"Nej"	"Nej"	"Nej"	"Nej"	"Nej"	"Nej"	"Ja"	"Nej"	"Nej"	"Nej"	"Nej"	"Ja"	"Nej"	"Nej"	"Nej"	"Nej"	"Ja"	"Nej"	750	"Nej"	"Nej"	"Ja"	"Nej"	"Nej"	"Ja"	"Nej"	"Nej"	"Ja"	"Nej"	"Nej"	"Nej"	"Ja"	"Nej"	"Nej"	"Nej"	"Nej"	"Ja"	"Nej"	"Nej"	"Nej"	"Nej"	"Ja"	"Nej"	"Nej"	"Ja"	"Nej"	"Nej"	"Nej"	"Nej"	"Ja"	"Nej"	"Nej"	"Nej"	"Ja"	"Nej"	"Nej"	"Nej"	"Nej"	"Nej"	"Ja"	"Nej"	"Nej"	"Nej"	"Ja"	"Nej"	"Nej"	"Nej"	"Nej"	"Nej"	"Nej"	"Ja"	"Nej"	"Nej"	"Nej"	"Ja"	"Nej"	"Nej"	"Nej"	"Nej"	"Ja"	"Nej"	"Nej"	"Nej"	"Nej"	"Ja"	"Nej"	"Nej"	"Ja"	"Nej"	"Nej"	"Nej"	"Ja"	"Nej"	"Nej"
128	"Ja"	"Nej"	"Nej"	"Nej"	"Nej"	"Nej"	"Nej"	"Nej"	"Nej"	"Nej"	"Nej"	"Nej"	"Nej"	"Ja"	"Nej"	"Nej"	"Nej"	"Nej"	"Nej"	"Nej"	"Ja"	"Nej"	"Nej"	"Nej"	"Ja"	"Nej"	1400	"Nej"	"Nej"	"Ja"	"Ja"	"Nej"	"Nej"	"Nej"	"Nej"	"Nej"	"Ja"	"Nej"	"Nej"	"Nej"	"Nej"	"Ja"	"Nej"	"Nej"	"Nej"	"Ja"	"Nej"	"Nej"	"Nej"	"Ja"	"Nej"	"Nej"	"Ja"	"Nej"	"Nej"	"Nej"	"Ja"	"Nej"	"Nej"	"Nej"	"Nej"	"Nej"	"Ja"	"Nej"	"Nej"	"Ja"	"Nej"	"Nej"	"Nej"	"Nej"	"Nej"	"Nej"	"Ja"	"Nej"	"Nej"	"Nej"	"Ja"	"Nej"	"Nej"	"Nej"	"Nej"	"Nej"	"Ja"	"Nej"	"Nej"	"Nej"	"Ja"	"Nej"	"Nej"	"Nej"	"Nej"	"Nej"	"Nej"	"Ja"	"Nej"	"Ja"	"Nej"	"Ja"	"Nej"	"Nej"	"Nej"	"Nej"
131	"Nej"	"Nej"	"Nej"	"Nej"	"Ja"	"Nej"	"Nej"	"Nej"	"Nej"	"Nej"	"Nej"	"Nej"	"Nej"	"Nej"	"Ja"	"Nej"	"Nej"	"Nej"	"Nej"	"Ja"	"Nej"	"Nej"	"Nej"	"Nej"	"Ja"	"Nej"	900	"Nej"	"Nej"	"Ja"	"Ja"	"Nej"	"Nej"	"Nej"	"Nej"	"Nej"	"Nej"	"Ja"	"Nej"	"Nej"	"Nej"	"Ja"	"Nej"	"Nej"	"Nej"	"Ja"	"Nej"	"Nej"	"Nej"	"Ja"	"Nej"	"Nej"	"Ja"	"Nej"	"Nej"	"Nej"	"Ja"	"Nej"	"Nej"	"Nej"	"Nej"	"Nej"	"Nej"	"Ja"	"Nej"	"Ja"	"Nej"	"Nej"	"Nej"	"Nej"	"Nej"	"Nej"	"Ja"	"Nej"	"Nej"	"Ja"	"Nej"	"Nej"	"Nej"	"Nej"	"Nej"	"Nej"	"Ja"	"Nej"	"Nej"	"Ja"	"Nej"	"Nej"	"Nej"	"Nej"	"Nej"	"Nej"	"Nej"	"Ja"	"Nej"	"Ja"	"Nej"	"Ja"	"Nej"	"Nej"	"Nej"	"Nej"
134	"Nej"	"Nej"	"Nej"	"Nej"	"Nej"	"Nej"	"Nej"	"Nej"	"Nej"	"Nej"	"Ja"	"Nej"	"Nej"	"Ja"	"Nej"	"Nej"	"Nej"	"Nej"	"Nej"	"Nej"	"Nej"	"Ja"	"Nej"	"Ja"	"Nej"	"Nej"	123	"Ja"	"Nej"	"Nej"	"Ja"	"Nej"	"Nej"	"Nej"	"Nej"	"Nej"	"Nej"	"Ja"	"Nej"	"Nej"	"Nej"	"Ja"	"Nej"	"Nej"	"Nej"	"Ja"	"Nej"	"Nej"	"Nej"	"Ja"	"Nej"	"Nej"	"Ja"	"Nej"	"Nej"	"Nej"	"Ja"	"Nej"	"Nej"	"Nej"	"Nej"	"Nej"	"Ja"	"Nej"	"Nej"	"Nej"	"Ja"	"Nej"	"Nej"	"Nej"	"Nej"	"Nej"	"Ja"	"Nej"	"Nej"	"Ja"	"Nej"	"Nej"	"Nej"	"Nej"	"Nej"	"Nej"	"Ja"	"Nej"	"Nej"	"Nej"	"Ja"	"Nej"	"Nej"	"Nej"	"Nej"	"Nej"	"Ja"	"Nej"	"Nej"	"Nej"	"Nej"	"Nej"	"Ja"	"Nej"	"Nej"	"Nej"
